Timestamp,Age,Male,Introvert,Continent,Area Income,Daily Internet Usage,Daily Time Spent on Site,Ad Location,Ad Category,Clicked on Ad
2016-03-27 00:53:11,35,0,0,Africa,61833.9,256.09,68.95,Push Notif,Fashion,0
2016-04-04 01:39:02,31,1,0,Oceania,68441.85,193.77,80.23,Pop Up,Finance,0
2016-03-13 20:35:42,26,0,1,Europe,59785.94,236.5,69.47,Push Notif,Fashion,0
2016-01-10 02:31:19,29,1,0,Europe,54806.18,245.89,74.15,Push Notif,Finance,0
2016-06-03 03:36:18,35,0,0,Europe,73889.99,225.58,68.37,Lower Banner,Fashion,0
2016-05-19 14:30:17,23,1,0,Europe,59761.56,226.74,59.99,Pop Up,Food,0
2016-01-28 20:59:32,33,0,0,Asia,53852.85,208.36,88.91,Pop Up,Fashion,0
2016-03-07 01:40:15,48,1,0,Oceania,24593.33,131.76,66.0,Pop Up,Finance,1
2016-04-18 09:33:42,30,1,1,North America,68862.0,221.51,74.53,Push Notif,Games,0
2016-07-11 01:42:51,20,1,0,Africa,55642.32,183.82,69.88,Pop Up,Finance,0
2016-03-16 20:19:01,49,0,0,Asia,45632.51,122.02,47.64,Pop Up,Finance,1
2016-05-08 08:10:10,37,1,0,Africa,62491.01,230.87,83.07,Pop Up,Games,0
2016-06-03 01:14:41,48,1,0,Africa,51636.92,113.12,69.57,Lower Banner,Finance,1
2016-04-20 21:49:22,24,0,0,Europe,51739.63,214.23,79.52,Pop Up,Fashion,0
2016-03-24 09:31:49,33,0,0,North America,30976.0,143.56,42.95,Push Notif,Fashion,1
2016-03-09 03:41:30,23,1,0,Europe,52182.23,140.64,63.45,Lower Banner,Finance,1
2016-01-30 19:20:41,37,0,1,Asia,23936.86,129.41,55.39,Pop Up,Fashion,1
2016-05-02 07:00:58,41,0,0,Asia,71511.08,187.53,82.03,Pop Up,Finance,0
2016-02-13 07:53:55,36,1,1,Asia,31087.54,118.39,54.7,Lower Banner,Finance,1
2016-02-27 04:43:07,40,1,1,Asia,23821.72,135.51,74.58,Pop Up,Finance,1
2016-01-05 07:52:48,30,1,0,Africa,64802.33,224.44,77.22,Push Notif,Finance,0
2016-03-18 13:22:35,35,1,0,Africa,60015.57,226.54,84.59,Push Notif,Food,0
2016-05-20 08:49:33,52,0,1,Africa,32635.7,164.83,41.49,Pop Up,Finance,1
2016-03-23 09:43:43,36,1,1,Asia,61628.72,209.93,87.29,Push Notif,Finance,0
2016-06-13 17:27:09,41,0,1,Oceania,68962.32,167.22,41.39,Lower Banner,Finance,1
2016-05-27 15:25:52,28,1,0,Europe,64828.0,204.79,78.74,Pop Up,Food,0
2016-02-08 10:46:14,28,1,0,Oceania,38067.08,134.14,48.53,Lower Banner,Fashion,1
2016-07-19 08:32:10,52,0,1,Europe,58295.82,129.23,51.95,Push Notif,Finance,1
2016-04-14 05:08:35,34,0,0,North America,32708.94,119.2,70.2,Pop Up,Fashion,1
2016-01-27 12:38:16,22,0,0,Antarctica,46179.97,209.82,76.02,Lower Banner,Fashion,0
2016-07-02 20:23:15,35,1,1,South America,51473.28,267.01,67.64,Push Notif,Finance,0
2016-03-01 22:13:37,28,1,0,North America,45593.93,207.48,86.41,Pop Up,Finance,0
2016-07-15 05:05:14,57,1,1,Asia,25583.29,169.23,59.05,Upper Banner,Finance,1
2016-01-14 14:00:09,23,0,1,Africa,30227.98,212.58,55.6,Push Notif,Food,1
2016-03-15 03:12:25,57,1,1,North America,45580.92,133.81,57.64,Push Notif,Finance,1
2016-04-12 03:26:39,30,0,0,Europe,61389.5,201.58,84.37,Upper Banner,Fashion,0
2016-04-07 15:18:10,53,1,1,Europe,56770.79,125.45,62.26,Upper Banner,Finance,1
2016-02-09 05:28:18,39,0,0,Europe,76435.3,221.94,65.82,Lower Banner,Fashion,0
2016-05-07 17:11:49,46,1,1,Africa,57425.87,119.32,50.43,Push Notif,Travel,1
2016-03-11 06:49:10,39,0,0,Africa,27508.41,162.08,38.93,Upper Banner,Fashion,1
2016-04-27 09:27:58,29,0,1,Asia,57691.95,202.61,84.98,Pop Up,Finance,0
2016-04-16 11:53:43,30,0,1,Africa,59784.18,252.36,64.24,Push Notif,Finance,0
2016-05-08 15:38:46,32,1,0,Asia,66572.39,198.11,82.52,Lower Banner,Food,0
2016-02-08 00:23:38,31,0,0,Africa,64929.61,212.3,81.38,Upper Banner,Fashion,0
2016-02-11 13:26:22,25,0,0,Africa,57519.64,204.86,80.47,Push Notif,Food,0
2016-02-17 13:16:33,52,1,0,Asia,53575.48,172.83,37.68,Push Notif,Finance,1
2016-02-26 22:46:43,20,1,1,Asia,50983.75,202.25,69.62,Upper Banner,Games,0
2016-06-08 18:54:01,43,0,0,Asia,67058.72,198.72,85.4,Upper Banner,Finance,0
2016-01-08 09:32:26,37,1,0,North America,52723.34,123.72,44.33,Upper Banner,Finance,1
2016-04-25 11:01:54,46,0,0,Europe,54286.1,119.93,48.01,Push Notif,Finance,1
2016-04-04 07:07:46,23,1,1,North America,61526.25,196.71,73.18,Upper Banner,Games,0
2016-05-03 21:19:58,28,0,1,Europe,58526.04,225.29,79.94,Upper Banner,Finance,0
2016-01-17 09:31:36,45,1,1,Africa,53350.11,193.58,33.33,Push Notif,Finance,1
2016-03-02 04:57:51,50,1,1,Oceania,62657.53,133.2,50.33,Push Notif,Finance,1
2016-02-14 07:36:58,47,0,0,Asia,62722.57,119.3,62.31,Lower Banner,Travel,1
2016-04-07 03:56:16,31,0,1,Europe,67479.62,177.55,80.6,Pop Up,Fashion,0
2016-02-17 11:42:00,36,0,1,Asia,75254.88,150.61,65.19,Push Notif,Food,1
2016-04-10 00:13:47,49,0,0,Europe,52336.64,129.31,44.98,Pop Up,Finance,1
2016-02-14 17:05:15,29,0,1,Europe,56113.37,239.22,77.63,Lower Banner,Food,0
2016-05-26 22:49:47,41,0,0,Asia,24852.9,156.36,41.82,Lower Banner,Finance,1
2016-04-30 08:07:13,27,0,0,Africa,47708.42,183.43,85.61,Upper Banner,Fashion,0
2016-06-15 05:30:13,34,1,0,North America,64654.66,192.93,85.84,Lower Banner,Finance,0
2016-03-09 14:45:33,29,0,0,Africa,71228.44,169.5,72.08,Upper Banner,Food,0
2016-03-31 20:55:22,32,1,1,Europe,61601.05,178.92,86.06,Upper Banner,Finance,0
2016-06-03 00:55:23,45,0,1,Asia,66281.46,141.22,45.96,Push Notif,Finance,1
2016-03-10 23:36:03,29,1,1,North America,73910.9,198.5,62.42,Push Notif,Games,0
2016-01-08 00:17:27,40,0,0,Africa,51317.33,105.22,63.89,Pop Up,Finance,1
2016-06-05 22:11:34,32,0,1,North America,51510.18,200.22,35.33,Upper Banner,Fashion,1
2016-01-16 11:35:01,25,1,0,Africa,61005.87,215.25,75.74,Upper Banner,Finance,0
2016-04-22 20:10:22,34,0,0,Oceania,32536.98,131.72,78.53,Pop Up,Fashion,1
2016-02-01 09:00:55,31,0,0,Antarctica,60248.97,139.01,46.13,Upper Banner,Fashion,1
2016-07-07 13:37:34,46,0,1,North America,74543.81,222.63,69.01,Lower Banner,Finance,0
2016-03-08 00:37:54,39,1,1,Oceania,75509.61,153.17,55.35,Upper Banner,Finance,1
2016-05-10 17:39:06,43,1,1,Asia,42650.32,167.07,33.21,Upper Banner,Finance,1
2016-04-06 11:24:21,42,1,0,North America,58183.04,145.98,38.46,Upper Banner,Finance,1
2016-04-01 16:21:05,22,0,0,Africa,60465.72,215.93,64.1,Push Notif,Food,0
2016-01-05 04:18:46,35,1,1,Europe,57009.76,120.06,49.81,Lower Banner,Food,1
2016-05-20 21:31:24,33,1,0,Asia,54541.56,238.99,82.73,Upper Banner,Fashion,0
2016-02-03 07:59:16,38,1,1,Europe,32689.04,113.53,56.14,Lower Banner,Fashion,1
2016-02-17 21:55:29,45,0,1,Europe,55605.92,111.71,55.13,Lower Banner,Finance,1
2016-01-30 16:10:04,27,1,1,Europe,63296.87,209.25,78.11,Lower Banner,Food,0
2016-05-15 14:41:49,28,1,0,North America,65653.47,222.75,73.46,Pop Up,Food,0
2016-01-05 17:56:52,38,0,1,North America,61652.53,115.91,56.64,Upper Banner,Finance,1
2016-04-19 07:34:28,54,0,0,Asia,30726.26,138.71,68.94,Push Notif,Finance,1
2016-03-15 15:49:14,31,0,0,Antarctica,74535.94,184.1,70.79,Push Notif,Food,0
2016-06-12 15:25:44,41,0,1,North America,47861.93,105.15,57.76,Push Notif,Finance,1
2016-07-01 04:41:57,36,0,1,Africa,73600.28,200.55,77.51,Push Notif,Finance,0
2016-05-08 12:12:04,34,1,1,South America,58543.94,118.6,52.7,Upper Banner,Games,1
2016-03-14 23:13:11,34,0,1,Oceania,42696.67,109.07,57.7,Push Notif,Finance,1
2016-05-25 00:19:57,37,1,0,Oceania,37334.78,109.29,56.89,Lower Banner,Games,1
2016-05-13 11:51:10,43,0,0,Europe,71392.53,138.35,69.9,Pop Up,Finance,1
2016-02-20 20:47:05,24,0,1,North America,59550.05,149.67,55.79,Push Notif,Finance,1
2016-05-22 20:49:37,26,1,0,Oceania,64264.25,227.72,70.03,Lower Banner,Finance,0
2016-04-10 02:02:36,40,1,0,Europe,64147.86,125.85,50.08,Push Notif,Travel,1
2016-02-28 06:41:44,31,1,0,Antarctica,25686.34,166.29,43.67,Upper Banner,Food,1
2016-07-08 21:18:32,26,0,0,Europe,52968.22,238.63,72.84,Lower Banner,Fashion,0
2016-04-19 15:14:58,36,1,0,Asia,22473.08,154.02,45.72,Upper Banner,Food,1
2016-01-08 22:47:10,41,0,1,Europe,64927.19,156.3,39.94,Push Notif,Finance,1
2016-03-28 08:46:26,46,0,0,Africa,51868.85,158.22,35.61,Lower Banner,Finance,1
2016-07-02 14:57:53,34,1,1,Asia,69456.83,211.65,79.71,Lower Banner,Food,0
2016-07-03 09:22:30,53,0,1,Africa,31947.65,169.18,41.49,Lower Banner,Finance,1
2016-06-01 09:27:34,23,1,1,Europe,51864.77,235.28,63.6,Push Notif,Games,0
2016-07-09 14:55:36,40,0,1,Asia,59593.56,194.23,89.91,Pop Up,Travel,0
2016-02-09 22:04:54,21,1,0,Europe,48376.14,218.17,68.18,Pop Up,Food,0
2016-06-10 11:31:33,20,0,0,Europe,56884.74,202.16,66.49,Upper Banner,Fashion,0
2016-02-14 03:50:52,40,1,1,Africa,67186.54,229.12,80.49,Pop Up,Travel,0
2016-07-05 17:17:49,25,1,1,Asia,46557.92,241.03,72.23,Push Notif,Food,0
2016-04-28 05:50:25,42,0,0,Asia,66541.05,150.99,42.39,Lower Banner,Finance,1
2016-04-03 05:10:31,30,0,1,Africa,33258.09,135.18,47.53,Lower Banner,Games,1
2016-03-09 14:57:11,32,0,1,Oceania,72272.9,210.54,74.02,Push Notif,Food,0
2016-01-16 23:37:51,60,0,0,Africa,60333.38,176.98,66.63,Lower Banner,Finance,1
2016-07-03 04:33:41,53,1,1,Asia,65229.13,235.78,63.24,Pop Up,Finance,1
2016-03-14 06:46:14,22,0,0,Africa,56067.38,211.87,71.0,Upper Banner,Fashion,0
2016-01-09 05:44:56,46,1,1,South America,37838.72,123.64,46.13,Push Notif,Finance,1
2016-02-11 04:37:34,32,1,0,North America,72683.35,221.21,69.0,Lower Banner,Fashion,0
2016-06-22 07:33:21,31,1,0,Europe,56729.78,244.34,76.99,Push Notif,Food,0
2016-07-13 16:12:24,55,0,1,Asia,66815.54,162.95,72.6,Pop Up,Finance,1
2016-07-23 11:46:28,42,1,0,North America,60223.52,112.19,61.88,Lower Banner,Travel,1
2016-07-13 04:10:53,50,0,0,Africa,29727.79,207.18,84.45,Lower Banner,Finance,1
2016-06-11 18:32:12,45,0,1,Asia,49269.98,152.49,88.97,Lower Banner,Finance,1
2016-05-08 12:51:00,31,1,0,Europe,57669.41,210.26,86.19,Lower Banner,Finance,0
2016-04-07 16:02:02,26,0,0,Africa,56791.75,231.94,49.58,Push Notif,Food,0
2016-02-04 13:30:32,27,0,1,Oceania,63274.88,212.79,77.65,Pop Up,Food,0
2016-02-26 19:48:23,36,0,1,Asia,35466.8,225.24,37.75,Pop Up,Finance,1
2016-06-21 13:15:21,43,0,0,Africa,68787.09,127.11,62.33,Upper Banner,Finance,1
2016-05-17 04:27:31,31,0,0,Africa,61227.59,230.93,79.57,Push Notif,Fashion,0
2016-04-18 15:54:33,44,0,1,Europe,56366.88,127.07,80.31,Pop Up,Finance,1
2016-04-03 10:07:56,45,0,1,South America,57868.44,206.98,89.05,Push Notif,Travel,0
2016-04-04 21:30:46,27,0,0,North America,66618.21,223.03,70.41,Push Notif,Fashion,0
2016-07-06 16:00:33,37,0,0,Europe,73104.47,233.56,67.36,Pop Up,Fashion,0
2016-05-04 09:00:24,50,0,0,Europe,21644.91,175.37,46.98,Upper Banner,Finance,1
2016-06-13 18:50:00,36,0,0,North America,53817.02,132.55,41.67,Upper Banner,Fashion,1
2016-01-03 16:01:40,36,0,0,North America,76368.31,176.73,51.24,Upper Banner,Fashion,1
2016-01-14 00:23:10,29,0,1,North America,67633.44,215.44,75.7,Lower Banner,Finance,0
2016-01-12 10:07:29,47,0,0,North America,50335.46,127.83,43.49,Pop Up,Finance,1
2016-04-16 12:09:25,39,1,0,North America,17709.98,160.03,49.89,Lower Banner,Finance,1
2016-05-13 06:09:28,36,0,0,Antarctica,41229.16,140.46,38.37,Lower Banner,Fashion,1
2016-03-27 23:59:06,38,1,1,North America,42581.23,137.28,38.52,Lower Banner,Fashion,1
2016-02-03 23:47:56,23,1,0,Asia,61617.98,172.81,71.89,Push Notif,Fashion,0
2016-04-18 11:23:05,38,1,1,Asia,70575.6,146.19,75.8,Push Notif,Finance,0
2016-02-05 19:06:01,31,0,1,Europe,64122.36,190.25,83.86,Pop Up,Finance,0
2016-03-21 18:46:41,30,1,0,Europe,52097.32,163.0,37.51,Pop Up,Games,1
2016-06-14 11:59:58,44,1,0,Asia,65953.76,124.38,55.6,Push Notif,Finance,1
2016-02-06 23:08:57,44,1,1,Africa,60192.72,234.26,83.67,Push Notif,Travel,0
2016-03-12 01:39:19,41,0,1,North America,77460.07,210.6,69.08,Lower Banner,Travel,0
2016-01-26 03:56:18,44,1,1,Europe,45716.48,141.89,37.47,Upper Banner,Finance,1
2016-02-07 08:02:31,49,1,1,Europe,65120.86,128.95,56.04,Upper Banner,Travel,1
2016-05-05 07:58:22,41,1,1,Europe,49995.63,108.16,70.92,Upper Banner,Finance,1
2016-06-29 02:43:29,46,0,0,North America,71718.51,152.24,49.78,Upper Banner,Finance,1
2016-04-10 19:48:01,57,0,0,Africa,61770.34,150.29,68.61,Upper Banner,Finance,1
2016-02-10 06:37:56,25,1,0,Oceania,69112.84,176.28,58.18,Lower Banner,Fashion,0
2016-05-28 20:41:50,35,0,0,Africa,72524.86,172.1,78.54,Pop Up,Fashion,0
2016-03-24 06:36:52,48,1,1,Africa,36782.38,158.22,37.0,Push Notif,Finance,1
2016-02-12 22:51:08,33,0,0,Oceania,66699.12,247.31,65.4,Lower Banner,Fashion,0
2016-06-10 10:11:00,27,1,0,Asia,64287.78,183.48,79.52,Upper Banner,Food,0
2016-03-31 10:44:46,38,1,0,Asia,56637.59,222.11,87.98,Push Notif,Food,0
2016-02-14 06:51:43,36,0,0,North America,55787.58,127.01,44.64,Lower Banner,Fashion,1
2016-01-07 19:16:05,28,1,0,North America,61142.33,202.18,41.73,Upper Banner,Food,1
2016-02-04 02:13:52,27,1,0,North America,61625.87,207.96,80.46,Lower Banner,Finance,0
2016-05-09 02:58:58,36,0,0,Europe,73234.87,159.24,75.55,Push Notif,Fashion,1
2016-06-23 00:16:02,35,1,0,Asia,74166.24,195.31,76.32,Pop Up,Finance,0
2016-06-20 09:35:02,33,1,0,Europe,62669.59,222.77,82.68,Upper Banner,Finance,0
2016-02-29 12:31:57,31,0,1,Africa,57756.89,251.0,72.01,Push Notif,Finance,0
2016-01-17 15:10:31,24,0,0,Oceania,58019.64,162.44,75.83,Push Notif,Food,0
2016-01-29 03:54:19,50,0,0,Africa,50960.08,140.39,41.28,Pop Up,Finance,1
2016-07-14 12:07:10,32,0,1,Asia,48246.6,194.83,34.66,Lower Banner,Games,1
2016-01-10 23:14:30,55,0,1,Europe,28271.84,143.42,66.18,Pop Up,Finance,1
2016-04-28 18:34:56,31,1,0,Asia,53767.12,219.72,86.06,Pop Up,Food,0
2016-07-06 18:36:01,42,1,0,South America,43662.1,104.78,59.59,Lower Banner,Finance,1
2016-05-27 06:19:27,34,0,1,Africa,62238.58,198.56,86.69,Lower Banner,Finance,0
2016-01-25 07:39:41,52,1,0,Europe,49030.03,138.55,43.77,Lower Banner,Finance,1
2016-05-08 22:47:18,47,1,1,Africa,76003.47,199.79,71.84,Push Notif,Travel,0
2016-03-19 14:23:45,31,0,1,Asia,68094.85,196.23,80.23,Push Notif,Food,0
2016-07-23 04:37:05,26,0,0,Asia,64395.85,163.05,74.41,Upper Banner,Fashion,0
2016-06-23 01:22:43,48,0,0,Africa,70053.27,137.43,63.36,Upper Banner,Finance,1
2016-07-19 18:06:22,35,0,0,Asia,72423.97,227.56,71.74,Pop Up,Fashion,0
2016-02-28 18:52:44,44,0,1,Asia,42995.8,105.69,60.72,Pop Up,Finance,1
2016-02-10 06:52:07,22,0,1,Africa,60309.58,199.43,72.04,Upper Banner,Fashion,0
2016-03-27 09:11:10,31,1,1,Asia,38349.78,133.17,44.57,Pop Up,Fashion,1
2016-05-23 02:15:04,34,0,1,Antarctica,63115.34,208.23,85.86,Lower Banner,Food,0
2016-01-03 03:22:15,38,0,1,Asia,31343.39,145.96,39.85,Push Notif,Finance,1
2016-01-04 21:48:38,27,0,0,North America,40763.13,168.34,84.53,Upper Banner,Fashion,1
2016-05-24 13:30:38,60,0,0,South America,36752.24,157.04,62.95,Push Notif,Finance,1
2016-02-01 19:42:40,41,1,0,Africa,65044.59,255.61,67.58,Upper Banner,Finance,0
2016-06-05 13:16:24,29,0,1,Oceania,53673.08,210.46,85.56,Push Notif,Food,0
2016-02-04 08:53:37,54,0,1,Asia,43444.86,136.64,46.88,Upper Banner,Finance,1
2016-03-24 13:37:53,57,1,0,North America,44248.52,153.98,46.31,Push Notif,Finance,1
2016-06-02 21:02:22,31,1,0,North America,62572.88,233.65,77.95,Lower Banner,Finance,0
2016-02-21 07:42:48,30,0,0,North America,39840.55,153.76,84.73,Upper Banner,Fashion,1
2016-06-26 17:16:26,36,0,0,Africa,32593.59,145.85,39.86,Upper Banner,Fashion,1
2016-01-03 05:34:33,30,0,1,Oceania,41629.86,123.91,50.08,Upper Banner,Finance,1
2016-03-08 18:00:43,35,0,0,Africa,43313.73,106.86,60.23,Lower Banner,Fashion,1
2016-06-19 03:19:44,49,1,1,South America,42993.48,110.57,60.7,Push Notif,Finance,1
2016-07-21 21:16:35,53,1,0,Antarctica,46004.31,143.79,43.67,Upper Banner,Finance,1
2016-02-12 20:36:40,33,1,1,Asia,49325.48,254.05,77.2,Push Notif,Fashion,0
2016-05-17 06:14:20,32,0,1,Africa,51633.34,116.53,71.86,Lower Banner,Finance,1
2016-07-09 11:04:54,45,1,0,South America,63363.04,137.24,44.78,Pop Up,Travel,1
2016-03-27 02:35:29,36,1,0,Africa,64045.93,239.32,78.57,Upper Banner,Fashion,0
2016-01-16 08:01:40,31,1,1,Oceania,73049.3,201.26,73.41,Lower Banner,Travel,0
2016-01-21 23:48:29,27,0,0,Asia,66624.6,191.14,77.05,Push Notif,Fashion,0
2016-06-05 00:29:13,40,0,0,North America,77567.85,214.42,66.4,Upper Banner,Travel,0
2016-02-13 15:37:36,29,1,0,South America,53431.35,252.77,69.35,Push Notif,Food,0
2016-05-10 07:22:37,40,1,0,Europe,31265.75,172.58,35.65,Pop Up,Finance,1
2016-03-27 03:59:26,31,1,0,Asia,74780.74,183.85,70.04,Upper Banner,Finance,0
2016-05-24 18:35:58,29,0,0,Asia,70410.11,218.79,69.78,Upper Banner,Fashion,0
2016-02-11 02:40:02,29,0,1,Africa,37345.24,120.9,58.22,Push Notif,Food,1
2016-04-22 08:31:24,28,0,1,Europe,66107.84,212.67,76.9,Upper Banner,Fashion,0
2016-01-13 02:58:27,30,1,1,Oceania,62336.39,187.36,84.08,Lower Banner,Games,0
2016-06-16 02:01:24,58,0,0,Oceania,39132.64,140.83,59.51,Lower Banner,Finance,1
2016-06-27 18:37:04,38,1,1,Africa,38745.29,134.88,40.15,Pop Up,Food,1
2016-07-03 12:57:03,28,1,0,Oceania,65172.22,217.85,76.81,Lower Banner,Food,0
2016-02-03 04:21:14,38,0,0,Europe,68519.96,163.38,41.89,Pop Up,Fashion,1
2016-05-29 21:17:10,27,1,1,Asia,54774.77,235.35,76.87,Push Notif,Games,0
2016-04-03 21:13:46,43,1,0,Asia,76246.96,155.8,67.28,Push Notif,Travel,1
2016-04-15 11:51:14,40,0,1,Africa,65461.92,229.22,81.98,Pop Up,Finance,0
2016-06-21 03:14:41,23,0,1,Oceania,34127.21,151.95,66.01,Lower Banner,Fashion,1
2016-03-14 14:13:05,53,1,1,Europe,35253.98,125.94,61.57,Lower Banner,Finance,1
2016-05-06 21:07:31,34,0,1,Africa,44893.71,111.94,53.3,Pop Up,Food,1
2016-06-12 17:52:43,40,0,1,Europe,59621.02,200.23,34.87,Pop Up,Travel,1
2016-01-11 07:36:22,38,0,1,South America,20856.54,170.49,43.6,Push Notif,Finance,1
2016-07-02 00:24:22,37,0,0,Europe,55353.41,254.57,77.88,Pop Up,Fashion,0
2016-03-04 10:13:48,27,0,0,Europe,67516.07,200.59,75.83,Lower Banner,Fashion,0
2016-03-24 09:12:52,39,0,1,Asia,68737.75,136.59,49.95,Pop Up,Finance,1
2016-02-14 07:30:24,41,0,0,Europe,76893.84,154.97,60.94,Pop Up,Travel,1
2016-04-25 07:30:21,42,0,0,Oceania,59886.58,171.07,89.15,Pop Up,Finance,0
2016-02-10 19:20:51,30,0,0,Asia,53441.69,133.99,78.7,Push Notif,Fashion,1
2016-04-23 14:34:38,29,0,1,Asia,41356.31,119.84,57.35,Pop Up,Food,1
2016-06-18 17:56:32,38,0,0,Asia,49942.66,154.75,34.86,Upper Banner,Fashion,1
2016-07-17 01:58:53,31,0,0,South America,74430.08,199.08,70.68,Upper Banner,Fashion,0
2016-04-27 04:28:17,23,0,1,Asia,58633.63,201.04,76.06,Upper Banner,Fashion,0
2016-04-21 20:29:35,33,1,0,Asia,72707.87,228.03,66.67,Lower Banner,Finance,0
2016-03-23 06:00:15,32,1,0,Europe,31092.93,136.4,46.77,Lower Banner,Games,1
2016-07-19 07:59:18,38,0,0,North America,74445.18,143.94,62.42,Pop Up,Fashion,1
2016-06-26 11:52:18,28,0,0,Oceania,49309.14,239.52,78.32,Upper Banner,Fashion,1
2016-03-30 23:40:52,50,1,0,Africa,56735.14,199.25,37.32,Push Notif,Finance,1
2016-03-16 07:59:37,45,1,0,Europe,40183.75,133.9,40.42,Upper Banner,Finance,1
2016-05-04 00:01:33,36,0,0,North America,58348.41,123.51,76.77,Upper Banner,Fashion,1
2016-07-02 21:22:23,30,0,1,Europe,72209.99,158.05,65.65,Lower Banner,Travel,0
2016-05-23 21:14:38,33,0,0,Africa,62060.11,128.17,74.32,Lower Banner,Fashion,1
2016-01-29 20:16:54,32,1,0,North America,67113.46,234.75,73.27,Push Notif,Travel,0
2016-07-23 14:47:23,44,0,0,Asia,24030.06,150.84,80.03,Lower Banner,Finance,1
2016-02-16 09:11:27,47,1,0,Oceania,56180.93,115.26,53.68,Push Notif,Finance,1
2016-06-09 21:43:05,32,1,1,Antarctica,62204.93,192.85,85.84,Lower Banner,Fashion,0
2016-06-19 09:24:35,30,0,1,Asia,60372.64,204.52,85.03,Upper Banner,Food,0
2016-06-06 21:26:51,24,1,1,Africa,65280.16,178.75,70.44,Upper Banner,Games,0
2016-01-07 13:25:21,53,1,0,Europe,34309.24,223.09,81.22,Push Notif,Finance,0
2016-04-15 06:08:35,45,1,1,Europe,59610.81,146.13,39.96,Push Notif,Finance,1
2016-01-09 03:45:19,41,1,0,Africa,50278.89,269.96,57.05,Lower Banner,Finance,1
2016-02-10 15:23:17,56,0,1,Asia,43450.11,168.27,42.44,Lower Banner,Finance,1
2016-04-24 13:42:15,25,0,1,Europe,25408.21,161.16,62.2,Push Notif,Food,1
2016-06-12 05:31:19,36,0,0,South America,71136.49,222.25,76.7,Push Notif,Fashion,0
2016-01-05 09:42:22,45,1,1,Europe,63883.81,119.03,61.22,Upper Banner,Finance,1
2016-03-02 10:07:43,33,1,1,Europe,64902.47,204.02,84.54,Upper Banner,Finance,0
2016-07-21 10:54:35,30,1,1,Europe,66784.81,164.63,46.08,Push Notif,Games,1
2016-01-09 04:53:22,48,0,0,Europe,62784.85,123.13,56.7,Upper Banner,Travel,1
2016-01-06 13:20:01,28,0,0,South America,63727.5,201.15,81.03,Pop Up,Food,0
2016-01-31 04:10:20,32,0,1,North America,61608.23,231.42,80.91,Lower Banner,Food,0
2016-06-11 08:38:16,38,1,0,South America,56782.18,138.68,40.06,Upper Banner,Finance,1
2016-05-15 20:48:40,39,0,0,Asia,64447.77,226.11,83.47,Pop Up,Fashion,0
2016-06-18 17:23:26,31,0,0,Europe,42042.95,121.05,73.84,Push Notif,Food,1
2016-03-17 05:00:12,28,0,1,Antarctica,67669.06,212.56,74.65,Upper Banner,Finance,0
2016-06-29 13:35:05,35,0,0,Oceania,54875.95,109.77,60.25,Push Notif,Food,1
2016-02-02 08:55:26,35,1,1,Europe,73347.67,144.62,59.21,Lower Banner,Finance,1
2016-04-13 05:42:52,44,0,0,Asia,50199.77,125.22,43.02,Push Notif,Finance,1
2016-07-20 09:27:24,38,0,0,Asia,50723.67,244.55,84.04,Pop Up,Fashion,0
2016-02-26 04:57:14,43,1,1,Africa,63450.96,120.95,70.66,Push Notif,Finance,1
2016-02-26 09:18:48,26,0,1,Africa,56694.12,136.94,70.58,Pop Up,Fashion,1
2016-04-15 14:45:48,34,0,0,Asia,70547.16,230.14,72.44,Upper Banner,Food,0
2016-02-01 14:37:34,26,1,1,Asia,47391.95,171.31,40.17,Upper Banner,Food,1
2016-01-20 19:09:37,26,0,1,North America,62312.23,203.23,79.15,Pop Up,Finance,0
2016-04-23 06:28:43,53,1,0,Africa,63100.13,168.0,44.49,Lower Banner,Finance,1
2016-06-19 22:26:16,37,1,1,Africa,73687.5,221.79,73.04,Lower Banner,Finance,0
2016-02-15 07:55:10,33,0,0,North America,52686.47,254.34,76.28,Lower Banner,Fashion,0
2016-02-09 19:37:52,37,0,0,Europe,78119.5,179.58,68.88,Upper Banner,Fashion,0
2016-01-25 07:52:53,28,0,1,Asia,57014.84,242.37,73.1,Upper Banner,Finance,0
2016-07-18 11:33:31,29,0,0,North America,27086.4,156.54,47.66,Lower Banner,Fashion,1
2016-01-09 07:28:16,35,0,0,Europe,58337.18,216.87,87.3,Push Notif,Fashion,0
2016-03-21 21:15:54,32,1,0,South America,50216.01,177.78,89.34,Lower Banner,Fashion,0
2016-02-15 12:25:28,26,1,1,Asia,53049.44,156.48,81.37,Push Notif,Games,0
2016-03-04 08:48:29,28,1,1,Africa,62927.96,196.76,81.67,Lower Banner,Games,0
2016-01-05 00:02:53,52,0,0,South America,32847.53,144.27,46.37,Push Notif,Finance,1
2016-05-15 01:03:06,24,0,1,Oceania,32006.82,148.61,54.88,Upper Banner,Finance,1
2016-05-05 09:28:36,35,0,0,Asia,48913.07,133.18,40.67,Lower Banner,Fashion,1
2016-05-26 13:18:30,35,0,1,North America,69285.69,237.39,71.76,Lower Banner,Food,0
2016-05-21 01:36:16,51,1,1,Oceania,53700.57,130.41,47.51,Pop Up,Finance,1
2016-05-04 12:06:18,22,1,1,Europe,52011.0,212.87,75.15,Lower Banner,Games,0
2016-07-05 18:59:45,26,0,0,Oceania,46339.25,127.26,56.01,Push Notif,Fashion,1
2016-06-28 20:13:41,37,0,0,Oceania,67938.77,213.36,82.87,Pop Up,Fashion,0
2016-05-05 11:09:29,42,0,1,Antarctica,66348.95,141.36,45.05,Lower Banner,Finance,1
2016-03-25 15:17:39,24,0,1,Europe,66873.9,167.22,60.53,Lower Banner,Food,1
2016-01-23 15:02:13,31,0,0,Oceania,72270.88,171.62,50.52,Upper Banner,Food,1
2016-05-29 07:29:27,32,0,0,Asia,61610.05,210.23,84.71,Pop Up,Fashion,0
2016-05-30 07:36:31,39,1,1,North America,76560.59,159.46,55.2,Push Notif,Fashion,1
2016-04-17 15:46:03,33,0,0,Africa,62667.51,228.76,81.61,Lower Banner,Food,0
2016-07-20 23:08:28,36,1,1,South America,75687.46,163.99,71.55,Upper Banner,Travel,0
2016-06-29 03:07:51,36,1,0,Europe,66744.65,218.97,82.4,Lower Banner,Games,0
2016-04-10 14:48:35,35,0,1,Oceania,67714.82,238.58,73.95,Pop Up,Food,0
2016-04-16 16:38:35,31,0,1,South America,69710.51,226.45,72.07,Push Notif,Food,0
2016-05-03 08:21:23,31,0,0,Africa,66269.49,214.74,80.39,Upper Banner,Fashion,0
2016-03-18 16:04:59,25,1,0,Africa,60843.32,231.49,65.8,Lower Banner,Food,0
2016-05-22 00:01:58,28,0,0,Europe,55041.6,250.0,69.97,Push Notif,Fashion,0
2016-02-01 20:30:35,50,0,0,Africa,73863.25,176.52,52.62,Lower Banner,Finance,1
2016-01-23 17:39:06,39,0,0,Africa,62378.05,152.36,39.25,Lower Banner,Fashion,1
2016-05-19 03:52:24,38,1,1,Africa,63336.85,130.83,77.56,Pop Up,Fashion,1
2016-05-09 21:54:38,43,0,0,Asia,42191.61,165.56,33.52,Pop Up,Finance,1
2016-05-31 11:44:45,24,1,1,North America,56194.56,178.85,79.81,Lower Banner,Games,1
2016-03-30 19:09:50,33,0,0,Africa,61771.9,214.53,84.79,Upper Banner,Fashion,0
2016-01-09 15:49:28,35,0,0,Africa,61383.79,231.07,82.7,Pop Up,Food,0
2016-04-18 03:41:56,32,0,1,Asia,63924.82,186.48,84.88,Pop Up,Finance,0
2016-06-13 13:59:51,54,0,1,North America,23975.35,161.16,54.92,Pop Up,Finance,1
2016-04-23 08:15:31,34,1,0,North America,70179.11,221.53,76.56,Pop Up,Fashion,0
2016-03-27 16:41:29,49,0,1,Europe,66524.8,243.37,69.74,Push Notif,Travel,0
2016-02-19 07:29:30,22,0,0,Asia,41851.38,169.4,75.55,Lower Banner,Fashion,1
2016-05-19 11:16:59,33,1,0,North America,61275.18,250.35,72.19,Push Notif,Finance,0
2016-01-27 20:47:57,41,0,0,Oceania,60638.38,232.54,84.29,Push Notif,Finance,0
2016-04-20 00:41:53,39,0,1,Europe,47160.53,110.68,73.89,Lower Banner,Finance,1
2016-02-07 07:41:06,21,0,1,Europe,48537.18,186.98,75.84,Pop Up,Food,0
2016-04-21 09:30:35,25,1,0,Antarctica,53058.91,236.19,73.38,Upper Banner,Fashion,0
2016-04-19 05:15:28,31,0,0,North America,68614.98,186.37,80.72,Pop Up,Fashion,0
2016-04-12 14:01:08,44,0,0,Europe,44174.25,105.0,62.06,Pop Up,Finance,1
2016-03-15 11:25:48,34,0,0,Africa,67050.16,135.31,51.5,Pop Up,Fashion,1
2016-02-16 18:21:36,37,0,1,Africa,54520.14,180.77,90.97,Pop Up,Finance,0
2016-02-18 23:08:59,30,1,0,North America,54952.42,170.13,86.78,Upper Banner,Fashion,0
2016-03-25 08:40:15,35,0,0,Oceania,69476.42,243.61,66.18,Push Notif,Fashion,0
2016-03-16 00:28:10,41,0,1,North America,54989.93,240.95,84.33,Upper Banner,Finance,0
2016-01-28 11:50:40,36,0,1,North America,29398.61,195.91,36.87,Lower Banner,Fashion,1
2016-03-24 02:01:55,48,1,0,Africa,42861.42,208.21,34.78,Pop Up,Finance,1
2016-03-03 22:31:16,32,0,1,Asia,65883.39,231.59,76.84,Upper Banner,Finance,0
2016-02-26 09:54:33,25,0,0,Europe,65421.39,220.92,67.05,Lower Banner,Fashion,0
2016-07-06 15:56:39,31,0,0,North America,60953.93,219.79,41.47,Upper Banner,Food,1
2016-06-24 05:50:22,26,0,1,Africa,58476.57,200.58,80.71,Pop Up,Travel,0
2016-05-23 21:00:45,31,0,0,Europe,66636.84,214.08,80.09,Pop Up,Fashion,0
2016-02-03 19:12:51,49,1,1,Oceania,67430.96,135.24,56.3,Lower Banner,Finance,1
2016-04-28 22:54:37,34,1,0,Europe,57260.41,245.78,79.36,Upper Banner,Finance,0
2016-03-19 14:57:00,40,1,0,Asia,66359.32,188.27,86.38,Pop Up,Travel,0
2016-07-15 09:08:42,41,1,1,South America,57587.0,142.67,38.94,Lower Banner,Finance,1
2016-05-12 04:35:59,35,0,1,Europe,63060.55,184.03,87.26,Upper Banner,Games,0
2016-01-01 21:58:55,28,1,1,Africa,59998.5,233.6,75.32,Upper Banner,Games,0
2016-03-13 13:50:25,40,1,0,Asia,74024.61,220.05,74.38,Lower Banner,Travel,0
2016-07-16 14:13:54,22,0,0,Europe,60550.66,211.39,65.9,Upper Banner,Food,0
2016-04-18 00:49:33,47,0,0,Africa,57983.3,168.92,36.31,Upper Banner,Finance,1
2016-07-17 01:13:56,48,0,0,North America,52736.33,115.35,72.23,Pop Up,Finance,1
2016-02-17 07:05:57,38,0,1,Europe,46653.75,230.91,88.12,Pop Up,Fashion,0
2016-06-16 02:33:22,28,1,1,North America,56986.73,205.5,83.97,Pop Up,Games,0
2016-04-09 16:31:15,26,1,1,South America,55336.18,131.68,61.09,Lower Banner,Food,1
2016-03-18 17:35:40,21,1,0,Africa,42162.9,218.61,65.77,Push Notif,Food,0
2016-05-11 22:02:17,25,0,1,Asia,39699.13,199.39,81.58,Upper Banner,Finance,0
2016-05-25 20:10:02,52,1,1,Africa,56394.82,188.56,37.87,Lower Banner,Finance,1
2016-02-29 19:26:35,37,0,1,North America,75044.35,178.51,76.2,Push Notif,Fashion,0
2016-06-09 14:24:06,19,0,1,Oceania,53309.61,184.94,60.91,Push Notif,Food,1
2016-01-30 16:15:29,28,0,0,South America,58996.12,237.34,74.49,Lower Banner,Food,0
2016-02-15 05:35:54,23,1,0,North America,56605.12,211.38,73.71,Push Notif,Finance,0
2016-01-31 06:14:10,30,0,1,Africa,62475.99,228.81,78.19,Pop Up,Finance,0
2016-01-05 16:34:31,44,1,0,Asia,70492.6,217.68,79.54,Lower Banner,Finance,0
2016-05-31 02:17:18,52,0,1,North America,43698.53,126.97,74.87,Upper Banner,Finance,1
2016-04-21 16:10:50,36,1,0,Africa,57737.51,221.98,87.09,Pop Up,Food,0
2016-04-10 03:30:16,47,0,0,North America,31281.01,167.86,37.45,Upper Banner,Finance,1
2016-02-09 07:21:25,39,0,1,Oceania,45800.48,111.59,49.84,Push Notif,Finance,1
2016-06-17 17:11:16,59,0,1,Asia,42362.49,158.56,51.38,Pop Up,Finance,1
2016-05-22 21:54:23,34,0,1,Europe,66691.23,207.87,83.4,Upper Banner,Travel,0
2016-07-13 07:41:42,33,1,1,Asia,56369.74,150.8,38.91,Lower Banner,Fashion,1
2016-01-23 18:59:21,41,1,0,Africa,59397.89,110.93,62.14,Push Notif,Travel,1
2016-05-20 12:17:59,28,1,1,Europe,66025.11,193.8,79.72,Upper Banner,Games,0
2016-01-30 04:38:41,36,1,0,Europe,68211.35,135.72,73.3,Push Notif,Finance,1
2016-04-21 12:34:28,42,1,1,Europe,73608.99,231.48,69.11,Upper Banner,Finance,0
2016-04-22 20:32:17,54,1,0,Europe,61228.96,140.15,71.9,Lower Banner,Finance,1
2016-01-11 06:02:27,29,1,1,Europe,72325.91,195.36,72.45,Pop Up,Games,0
2016-03-01 10:01:35,40,0,0,Asia,44559.43,261.02,77.07,Upper Banner,Finance,0
2016-04-04 08:19:54,36,0,0,Africa,73207.15,217.79,74.62,Push Notif,Fashion,0
2016-06-20 06:30:06,25,1,1,North America,46722.07,205.38,82.07,Lower Banner,Games,0
2016-01-28 07:10:29,50,0,1,Oceania,45400.5,113.7,58.6,Pop Up,Finance,1
2016-07-03 04:11:40,45,1,0,North America,41417.27,151.47,36.08,Push Notif,Finance,1
2016-05-15 13:18:34,26,0,1,Europe,60845.55,206.79,79.44,Lower Banner,Food,0
2016-04-08 22:48:25,47,0,1,Africa,60812.77,144.71,41.73,Push Notif,Finance,1
2016-01-19 12:18:13,25,1,0,Asia,64267.88,203.74,73.19,Lower Banner,Fashion,0
2016-05-26 15:40:26,24,1,1,North America,58151.87,197.33,77.6,Pop Up,Food,0
2016-01-26 15:56:55,37,1,1,Europe,52079.18,222.26,89.0,Pop Up,Finance,0
2016-06-17 09:58:46,42,0,1,South America,26023.99,123.8,69.2,Push Notif,Finance,1
2016-04-25 21:15:39,31,0,1,Africa,62318.38,125.45,67.56,Lower Banner,Food,1
2016-07-13 11:41:29,39,1,1,Africa,56216.57,248.19,81.11,Upper Banner,Finance,0
2016-07-05 15:14:10,30,0,1,Asia,61806.31,224.58,80.22,Pop Up,Food,0
2016-03-15 14:06:17,41,1,0,Europe,51662.24,123.25,43.63,Upper Banner,Finance,1
2016-06-19 22:08:15,29,0,0,Africa,67080.94,168.15,77.66,Upper Banner,Fashion,0
2016-07-05 20:16:13,26,1,1,North America,51975.41,235.99,74.63,Push Notif,Games,0
2016-05-09 08:44:55,27,0,1,Africa,28019.09,153.69,49.67,Push Notif,Travel,1
2016-07-21 23:14:35,37,0,0,Europe,67744.56,224.23,80.59,Push Notif,Fashion,0
2016-06-03 17:32:47,33,1,1,Asia,66574.0,190.75,83.49,Lower Banner,Food,0
2016-01-15 19:40:47,42,1,1,Asia,30487.48,132.66,44.46,Pop Up,Finance,1
2016-02-05 16:50:58,40,1,0,North America,74903.41,227.73,68.1,Pop Up,Finance,0
2016-02-29 23:56:06,38,0,1,Africa,19991.72,136.85,63.88,Upper Banner,Fashion,1
2016-05-08 12:08:26,36,1,1,Asia,66050.63,234.64,78.83,Push Notif,Finance,0
2016-07-13 01:48:46,44,0,0,Asia,70449.04,216.0,79.97,Lower Banner,Finance,0
2016-01-08 02:34:06,28,1,1,Asia,64008.55,200.28,80.51,Pop Up,Games,0
2016-06-08 12:25:49,26,0,1,Africa,70203.74,202.77,62.26,Lower Banner,Finance,0
2016-06-15 11:56:41,47,1,1,Africa,27262.51,124.44,66.99,Push Notif,Finance,1
2016-06-13 22:41:45,20,1,1,Africa,49544.41,204.22,71.05,Push Notif,Games,0
2016-06-20 14:20:52,51,1,1,North America,28357.27,174.55,42.05,Pop Up,Finance,1
2016-04-03 06:17:22,28,0,0,North America,66929.03,219.69,50.52,Upper Banner,Fashion,1
2016-05-31 23:42:26,40,1,1,Africa,75524.78,198.32,76.24,Upper Banner,Finance,0
2016-02-15 03:43:55,27,1,0,Oceania,66265.34,201.24,77.29,Push Notif,Finance,0
2016-03-10 23:26:54,47,1,0,North America,55993.68,165.52,35.98,Push Notif,Finance,1
2016-02-26 17:01:01,34,0,1,Africa,56379.3,230.36,84.95,Upper Banner,Food,0
2016-04-17 21:39:11,43,0,1,Asia,31215.88,148.93,39.34,Push Notif,Finance,1
2016-03-26 19:54:16,29,0,0,Oceania,51015.11,202.12,87.23,Pop Up,Fashion,0
2016-06-29 21:39:42,52,1,0,Europe,46473.14,117.35,57.24,Pop Up,Finance,1
2016-01-27 17:55:44,41,0,1,Europe,55479.62,248.16,81.58,Lower Banner,Finance,0
2016-03-17 23:39:28,50,1,0,North America,68713.7,139.02,56.34,Upper Banner,Finance,1
2016-07-09 16:23:33,27,0,0,Asia,34191.23,142.04,48.73,Push Notif,Food,1
2016-06-28 12:51:02,49,0,0,Europe,51067.54,258.62,51.68,Lower Banner,Finance,1
2016-06-18 16:32:58,45,0,0,Asia,46693.76,152.86,35.34,Pop Up,Finance,1
2016-05-28 12:38:37,33,0,0,Antarctica,19345.36,180.42,48.09,Upper Banner,Fashion,1
2016-01-16 16:40:30,29,0,0,Asia,66225.72,208.05,78.68,Pop Up,Food,0
2016-07-11 15:45:23,20,1,1,South America,38609.2,205.64,68.82,Push Notif,Food,0
2016-07-16 23:08:54,40,0,0,North America,37713.23,108.15,56.99,Lower Banner,Finance,1
2016-04-06 21:20:07,39,1,1,North America,63764.28,209.64,86.63,Push Notif,Fashion,0
2016-07-05 00:54:11,43,1,1,Asia,41866.55,129.25,41.18,Push Notif,Finance,1
2016-02-17 23:47:00,32,0,0,North America,57846.68,120.85,71.03,Upper Banner,Fashion,1
2016-03-15 17:33:15,29,1,1,Europe,69428.73,217.1,72.92,Upper Banner,Food,0
2016-01-21 18:51:01,24,1,1,Europe,60283.98,184.88,77.14,Push Notif,Games,0
2016-06-06 22:41:24,43,1,1,Oceania,79332.33,192.6,60.7,Upper Banner,Finance,0
2016-05-16 14:50:22,41,1,0,Africa,53167.68,160.74,34.3,Lower Banner,Finance,1
2016-04-17 19:10:56,45,1,0,Asia,64564.07,220.48,83.71,Lower Banner,Travel,0
2016-03-30 01:05:34,35,1,0,South America,60803.37,120.06,53.38,Push Notif,Fashion,1
2016-06-29 09:04:31,31,0,0,Oceania,28387.42,129.33,58.03,Lower Banner,Fashion,1
2016-05-26 13:43:05,36,1,1,Africa,58849.77,132.31,43.59,Push Notif,Food,1
2016-04-15 10:16:49,42,1,0,Europe,65963.37,120.75,60.07,Lower Banner,Finance,1
2016-05-31 09:06:29,37,1,0,Europe,75180.2,154.74,54.43,Pop Up,Finance,1
2016-02-15 14:13:47,33,0,1,Oceania,61270.14,230.9,81.99,Push Notif,Food,0
2016-05-09 10:21:48,29,0,0,Oceania,56759.48,123.28,60.53,Lower Banner,Fashion,1
2016-07-07 23:32:38,31,1,0,Asia,46160.63,231.85,84.69,Pop Up,Food,0
2016-01-03 17:10:05,32,1,0,Africa,43870.51,211.87,88.72,Push Notif,Food,0
2016-07-17 18:55:38,35,1,1,Oceania,50439.49,218.8,88.89,Lower Banner,Fashion,0
2016-04-04 18:36:59,43,0,0,Africa,28028.74,255.07,69.58,Lower Banner,Finance,1
2016-02-27 12:34:19,36,1,1,Africa,64238.71,212.92,85.23,Pop Up,Finance,0
2016-06-08 20:13:27,39,1,1,Asia,65816.38,221.18,83.55,Upper Banner,Travel,0
2016-02-20 10:52:51,42,0,1,North America,72684.44,139.42,56.66,Upper Banner,Travel,1
2016-03-23 21:06:51,27,1,1,Asia,38817.4,248.12,56.39,Pop Up,Games,0
2016-06-07 01:29:06,27,0,1,North America,63976.44,214.42,76.24,Pop Up,Travel,0
2016-01-18 15:18:01,36,1,0,South America,37212.54,110.25,57.64,Push Notif,Games,1
2016-06-09 19:32:27,23,0,1,South America,52691.79,167.67,78.18,Upper Banner,Games,0
2016-05-30 20:07:59,32,0,1,Europe,65499.93,147.92,46.04,Push Notif,Finance,1
2016-04-01 09:21:14,35,0,1,Asia,63966.72,236.87,79.4,Lower Banner,Games,0
2016-05-31 06:21:02,39,1,0,Europe,52400.88,147.64,36.44,Pop Up,Fashion,1
2016-07-03 22:13:19,38,1,1,North America,49111.47,109.0,53.14,Push Notif,Fashion,1
2016-03-10 01:36:19,40,0,1,North America,41232.89,171.72,32.84,Pop Up,Finance,1
2016-03-18 02:39:26,32,1,0,Asia,52140.04,256.4,73.72,Push Notif,Finance,0
2016-05-30 18:08:19,34,1,1,Asia,60641.09,214.38,38.1,Lower Banner,Games,1
2016-02-20 00:06:20,44,0,1,Oceania,74180.05,218.22,73.93,Lower Banner,Travel,0
2016-03-10 22:28:52,50,0,0,Asia,51869.87,119.65,51.87,Upper Banner,Finance,1
2016-06-21 14:32:32,22,1,1,Africa,48852.58,169.88,77.69,Upper Banner,Food,0
2016-02-05 15:26:37,28,0,0,Africa,59144.02,160.73,43.41,Lower Banner,Food,1
2016-05-31 21:41:46,24,0,1,Oceania,33951.63,145.08,55.92,Push Notif,Fashion,1
2016-01-01 02:52:10,34,0,1,Europe,58909.36,239.76,80.67,Pop Up,Finance,0
2016-03-04 14:10:12,25,1,1,Europe,49850.52,183.42,83.42,Lower Banner,Food,0
2016-02-03 10:40:27,52,1,0,Europe,28679.93,201.15,82.12,Lower Banner,Finance,1
2016-01-20 00:26:15,33,0,0,North America,69869.66,238.45,66.17,Push Notif,Fashion,0
2016-06-11 09:37:52,35,0,0,North America,48347.64,127.37,43.01,Lower Banner,Fashion,1
2016-03-08 05:48:20,25,1,0,Asia,45959.86,219.94,80.05,Lower Banner,Fashion,0
2016-02-14 22:23:30,42,1,1,Africa,70005.51,129.8,64.88,Push Notif,Travel,1
2016-07-17 22:04:54,26,1,0,Oceania,51512.66,223.28,79.82,Lower Banner,Fashion,0
2016-06-02 22:16:08,40,1,0,Europe,25598.75,134.6,48.03,Upper Banner,Finance,1
2016-04-30 19:42:04,45,0,0,South America,49282.87,177.46,32.99,Upper Banner,Finance,1
2016-04-17 06:58:18,27,1,1,Africa,67240.25,175.17,74.88,Upper Banner,Games,0
2016-03-09 00:41:46,52,1,1,Asia,42136.33,196.61,36.49,Upper Banner,Finance,1
2016-03-07 20:02:51,45,1,1,North America,62589.84,191.17,88.04,Lower Banner,Finance,0
2016-05-26 10:33:00,33,1,1,Europe,67384.31,151.12,45.7,Pop Up,Finance,1
2016-07-18 01:36:37,35,0,1,Europe,25603.93,159.6,82.38,Upper Banner,Games,1
2016-07-16 05:56:42,23,1,0,North America,39616.0,149.2,52.68,Upper Banner,Finance,1
2016-03-22 06:41:38,47,0,0,Asia,28265.81,121.81,65.59,Lower Banner,Finance,1
2016-06-03 06:34:44,25,1,1,Oceania,63879.72,224.92,65.65,Lower Banner,Games,0
2016-06-28 09:19:06,36,0,1,Oceania,70592.81,167.42,43.84,Push Notif,Finance,1
2016-07-18 18:33:05,37,0,0,Europe,76408.19,216.57,67.69,Upper Banner,Fashion,0
2016-01-23 04:47:37,24,0,1,Asia,55015.08,207.27,78.37,Push Notif,Finance,0
2016-02-29 11:00:06,29,0,1,Europe,51636.12,231.54,81.46,Upper Banner,Food,0
2016-06-30 00:19:33,31,0,0,Africa,29359.2,141.34,47.48,Pop Up,Fashion,1
2016-06-19 18:19:38,33,1,1,Europe,71296.67,219.49,75.15,Lower Banner,Food,0
2016-01-08 08:08:47,24,1,1,Europe,46422.76,219.98,78.76,Lower Banner,Games,0
2016-01-02 12:25:36,50,1,1,Antarctica,52802.0,132.71,44.96,Push Notif,Finance,1
2016-05-13 11:57:12,41,1,1,Africa,59243.46,143.13,39.56,Push Notif,Finance,1
2016-02-08 14:02:22,28,1,0,Africa,35350.55,196.83,39.76,Lower Banner,Food,1
2016-06-07 23:46:51,22,1,1,North America,59677.64,207.17,57.11,Lower Banner,Games,0
2016-01-02 14:36:03,40,1,0,Oceania,70225.6,187.76,83.26,Lower Banner,Travel,0
2016-02-13 04:16:08,25,0,1,Asia,65791.17,213.38,69.42,Upper Banner,Games,0
2016-05-03 12:57:19,30,1,1,North America,34191.13,129.88,50.6,Upper Banner,Games,1
2016-04-03 11:38:36,37,0,1,Europe,51315.38,119.3,46.2,Pop Up,Finance,1
2016-03-23 19:58:15,35,1,0,Asia,62790.96,119.47,66.88,Upper Banner,Fashion,1
2016-02-02 11:49:18,40,1,1,Europe,66291.67,158.42,83.97,Lower Banner,Finance,0
2016-03-08 10:39:16,30,0,1,Asia,68030.18,213.75,76.56,Upper Banner,Fashion,0
2016-04-08 14:35:44,48,0,1,Oceania,43974.49,159.77,35.49,Push Notif,Finance,1
2016-06-30 00:40:31,31,1,0,North America,49457.48,244.87,80.29,Lower Banner,Food,0
2016-03-25 19:02:35,40,0,1,Asia,33987.27,117.3,50.19,Upper Banner,Finance,1
2016-05-12 21:32:06,33,0,0,Europe,28210.03,124.54,59.12,Lower Banner,Fashion,1
2016-03-02 05:11:01,30,1,0,Oceania,75535.14,193.63,59.88,Push Notif,Fashion,0
2016-05-10 14:12:31,28,0,1,Europe,49158.5,120.25,59.7,Push Notif,Food,1
2016-03-03 02:59:37,30,1,0,Oceania,39809.69,117.75,67.8,Upper Banner,Fashion,1
2016-07-04 11:03:49,35,0,0,Europe,65826.53,223.16,81.59,Lower Banner,Fashion,0
2016-07-08 03:47:41,29,1,1,North America,61172.07,216.49,81.1,Pop Up,Games,0
2016-05-27 05:35:27,39,0,0,Asia,42898.21,126.95,41.7,Push Notif,Fashion,1
2016-02-10 13:46:35,27,0,1,Asia,68333.01,173.49,73.94,Pop Up,Food,0
2016-06-12 21:21:53,37,0,0,Asia,70232.95,132.63,58.35,Upper Banner,Fashion,1
2016-01-07 13:58:51,46,0,0,Oceania,63102.19,124.85,51.56,Push Notif,Finance,1
2016-05-13 14:12:39,37,0,1,North America,51847.26,253.17,79.81,Pop Up,Finance,0
2016-05-02 00:01:56,26,0,1,North America,63580.22,228.7,66.17,Push Notif,Food,0
2016-02-07 17:06:35,37,0,1,Africa,47575.44,105.94,58.21,Pop Up,Food,1
2016-02-15 07:27:41,49,0,0,Africa,39031.89,113.8,66.12,Lower Banner,Finance,1
2016-02-21 05:23:28,42,1,1,Africa,70505.06,215.18,80.47,Lower Banner,Travel,0
2016-03-20 22:27:25,31,0,1,North America,62161.26,236.64,77.05,Upper Banner,Fashion,0
2016-03-24 09:34:00,41,0,1,Europe,61068.26,121.07,49.99,Push Notif,Finance,1
2016-04-04 20:01:12,58,0,1,North America,49090.51,173.43,80.3,Pop Up,Finance,1
2016-01-02 04:50:44,33,1,1,Africa,62330.75,234.72,79.36,Upper Banner,Finance,0
2016-07-08 17:14:01,30,0,1,Africa,18819.34,166.86,57.86,Lower Banner,Food,1
2016-03-28 19:48:37,26,1,1,North America,62053.37,231.37,70.29,Lower Banner,Games,0
2016-07-11 09:32:53,33,1,0,Oceania,61922.06,215.18,84.53,Upper Banner,Food,0
2016-06-09 17:11:02,44,1,1,Asia,49525.37,106.04,59.13,Push Notif,Finance,1
2016-05-19 09:30:12,41,0,0,Africa,53412.32,250.03,81.51,Pop Up,Finance,0
2016-04-12 12:35:39,37,1,0,Europe,56681.65,130.4,42.94,Lower Banner,Finance,1
2016-07-04 23:17:47,32,1,1,Europe,43299.63,233.93,84.81,Upper Banner,Finance,0
2016-02-01 00:52:29,34,0,0,Oceania,47997.75,132.08,82.79,Lower Banner,Fashion,1
2016-01-13 02:39:00,55,1,0,North America,39131.53,126.39,59.22,Lower Banner,Finance,1
2016-06-18 16:02:34,40,1,0,Asia,46033.73,151.25,35.0,Pop Up,Finance,1
2016-01-01 20:17:49,42,0,0,Africa,65856.74,136.18,46.61,Push Notif,Finance,1
2016-03-02 04:02:45,29,1,0,Africa,54787.37,120.46,63.26,Push Notif,Finance,1
2016-03-30 20:23:48,32,1,0,Asia,69562.46,202.9,79.16,Pop Up,Finance,0
2016-05-01 00:23:13,43,0,0,Africa,68447.17,128.16,67.94,Upper Banner,Travel,1
2016-06-17 03:02:55,32,1,0,Asia,62772.42,230.18,79.91,Upper Banner,Fashion,0
2016-03-23 08:52:31,41,0,0,Africa,78092.95,165.27,66.14,Push Notif,Finance,0
2016-05-08 22:24:27,39,0,0,Africa,63649.04,138.87,43.65,Lower Banner,Fashion,1
2016-04-06 05:55:43,21,1,1,Asia,60637.62,198.45,59.61,Lower Banner,Games,0
2016-04-05 05:54:15,52,0,0,Oceania,27241.11,156.99,46.61,Upper Banner,Finance,1
2016-04-16 12:26:31,34,1,0,Oceania,42760.22,162.03,89.37,Pop Up,Fashion,0
2016-06-01 03:44:42,49,1,1,Europe,59457.52,118.1,65.1,Lower Banner,Finance,1
2016-04-04 22:00:15,42,1,1,Africa,42907.89,108.17,53.44,Upper Banner,Finance,1
2016-06-26 04:22:26,51,0,1,North America,46132.18,244.91,79.53,Pop Up,Finance,0
2016-07-07 03:55:01,39,1,0,Oceania,46964.11,209.91,91.43,Push Notif,Fashion,0
2016-03-20 08:22:50,30,0,0,South America,70377.23,212.38,73.57,Pop Up,Fashion,0
2016-04-20 10:04:29,32,1,0,South America,70012.83,208.02,78.76,Push Notif,Travel,0
2016-03-25 05:05:27,23,0,1,South America,56457.01,181.11,76.49,Upper Banner,Finance,0
2016-02-14 07:15:37,26,0,0,South America,67279.06,218.49,61.72,Pop Up,Fashion,0
2016-03-26 00:32:02,35,0,0,Asia,54773.99,236.29,84.53,Upper Banner,Fashion,0
2016-07-05 22:33:48,34,1,1,Europe,70783.94,230.95,72.03,Push Notif,Fashion,0
2016-03-14 03:29:12,36,1,1,North America,70510.59,222.91,77.47,Lower Banner,Food,0
2016-05-30 02:34:25,39,1,1,Asia,64021.55,247.9,75.65,Lower Banner,Fashion,0
2016-03-07 22:32:15,33,0,0,Africa,72042.85,194.37,78.15,Push Notif,Fashion,0
2016-03-19 00:27:58,38,1,0,Oceania,36037.33,108.7,63.8,Lower Banner,Finance,1
2016-06-18 05:17:33,29,0,0,Europe,67526.92,211.64,76.59,Lower Banner,Fashion,0
2016-07-11 18:12:43,55,0,0,Asia,55121.65,168.29,42.6,Pop Up,Finance,1
2016-01-01 08:27:06,28,0,1,Oceania,63497.62,211.83,78.77,Pop Up,Fashion,0
2016-04-07 01:57:38,39,0,0,Africa,60879.48,235.01,83.4,Lower Banner,Fashion,0
2016-02-28 22:02:14,33,0,0,Asia,61467.33,236.72,79.53,Pop Up,Fashion,0
2016-06-26 17:25:55,35,1,1,Africa,70495.64,229.99,73.89,Push Notif,Food,0
2016-01-21 04:30:43,36,0,1,North America,71222.4,224.9,75.8,Pop Up,Finance,0
2016-05-01 21:46:37,31,1,1,Europe,64698.58,208.76,81.95,Pop Up,Finance,0
2016-02-14 10:06:49,58,0,0,Oceania,32252.38,154.23,56.39,Pop Up,Finance,1
2016-01-27 18:25:42,35,1,1,Oceania,55316.97,127.56,44.73,Upper Banner,Fashion,1
2016-06-16 20:24:33,33,1,0,Asia,47447.89,145.48,38.35,Push Notif,Finance,1
2016-07-21 10:01:50,37,0,1,Oceania,73474.82,223.93,72.53,Lower Banner,Food,0
2016-04-21 18:31:27,49,1,1,North America,53549.94,114.85,56.2,Lower Banner,Finance,1
2016-07-20 01:56:33,28,0,0,Africa,58576.12,226.79,79.67,Upper Banner,Fashion,0
2016-02-26 17:14:14,26,1,1,Africa,63373.7,164.25,75.42,Pop Up,Food,0
2016-01-16 17:56:05,31,1,1,North America,60283.47,235.28,78.64,Push Notif,Food,0
2016-04-01 01:57:12,44,0,1,Oceania,37345.34,109.22,67.69,Push Notif,Finance,1
2016-06-24 08:42:20,41,1,0,Oceania,34886.01,144.69,38.35,Lower Banner,Finance,1
2016-05-27 18:45:35,44,1,1,South America,67511.86,251.08,59.52,Upper Banner,Finance,0
2016-05-26 15:40:12,37,0,0,Africa,77988.71,166.19,62.26,Upper Banner,Fashion,0
2016-04-06 01:19:08,36,0,1,South America,63001.03,117.66,64.75,Upper Banner,Finance,1
2016-01-08 19:38:45,26,1,1,Asia,61747.98,185.45,79.97,Upper Banner,Games,0
2016-02-24 19:08:11,42,0,1,Europe,48467.68,114.53,47.9,Push Notif,Finance,1
2016-03-10 07:07:31,30,0,1,Europe,55130.96,238.06,80.38,Pop Up,Finance,0
2016-04-29 07:49:01,42,1,1,Africa,79484.8,190.71,64.51,Lower Banner,Finance,0
2016-04-10 16:08:09,37,1,1,South America,67307.43,246.72,71.28,Push Notif,Finance,0
2016-04-27 18:25:30,40,0,0,Asia,27964.6,125.65,50.32,Upper Banner,Finance,1
2016-05-10 04:28:55,33,1,0,Asia,66431.87,240.63,72.76,Upper Banner,Finance,0
2016-01-03 23:21:26,35,0,1,North America,63551.67,249.54,72.8,Lower Banner,Finance,0
2016-02-15 16:52:04,23,1,1,North America,40135.06,158.35,74.59,Pop Up,Food,1
2016-03-09 02:07:17,45,0,0,North America,49101.67,118.16,46.66,Pop Up,Finance,1
2016-01-09 17:33:03,54,0,1,South America,53188.69,134.46,48.86,Pop Up,Finance,1
2016-02-03 05:47:09,39,1,1,North America,49742.83,142.81,37.05,Upper Banner,Food,1
2016-01-02 09:30:11,36,0,1,Asia,63394.41,233.04,81.21,Push Notif,Finance,0
2016-01-04 07:28:43,23,1,0,North America,64433.99,208.24,66.89,Push Notif,Finance,0
2016-01-07 21:21:50,38,0,1,Africa,73884.48,231.21,68.11,Pop Up,Finance,0
2016-07-24 00:22:16,46,0,1,Europe,36424.94,112.72,69.15,Lower Banner,Finance,1
2016-02-13 13:57:53,36,0,0,North America,28275.48,120.12,65.72,Pop Up,Fashion,1
2016-05-08 10:25:08,27,0,1,Europe,48098.86,161.58,40.04,Pop Up,Finance,1
2016-02-17 18:50:57,33,0,0,Asia,68448.94,135.08,68.6,Lower Banner,Fashion,1
2016-01-22 19:43:53,25,1,1,Africa,66429.84,164.25,56.16,Pop Up,Games,1
2016-07-20 13:21:37,46,1,1,Oceania,41768.13,254.59,78.6,Lower Banner,Finance,0
2016-01-05 20:58:42,38,0,1,Africa,57844.96,252.07,78.29,Lower Banner,Travel,0
2016-01-29 05:39:16,45,0,1,Asia,35684.82,129.01,43.83,Push Notif,Finance,1
2016-06-17 20:18:27,32,0,1,Asia,62792.43,238.1,77.31,Lower Banner,Finance,0
2016-02-23 13:55:48,28,0,0,Africa,51171.23,161.24,39.86,Pop Up,Food,1
2016-07-09 11:18:02,25,0,0,Asia,58847.07,141.13,66.77,Lower Banner,Fashion,1
2016-03-19 11:09:36,42,0,0,Oceania,57739.03,110.66,57.2,Pop Up,Travel,1
2016-01-29 07:14:04,25,1,0,Africa,64631.22,211.12,73.15,Lower Banner,Food,0
2016-06-14 07:02:09,24,0,1,Asia,50337.93,193.97,82.07,Push Notif,Finance,0
2016-05-18 03:19:03,38,1,1,Asia,67781.31,135.24,49.84,Pop Up,Finance,1
2016-01-30 09:54:03,36,1,0,Asia,68863.95,156.97,43.97,Pop Up,Finance,1
2016-04-25 16:58:50,27,1,1,North America,55901.12,231.38,77.25,Pop Up,Food,0
2016-01-14 16:30:38,37,1,1,Asia,64775.1,246.44,74.84,Lower Banner,Fashion,0
2016-07-06 05:34:52,36,0,1,North America,67686.16,204.56,83.53,Push Notif,Fashion,0
2016-04-07 10:51:05,48,0,0,Oceania,57777.11,222.11,38.63,Push Notif,Finance,1
2016-04-17 05:08:52,48,1,0,Asia,46868.53,136.21,84.0,Push Notif,Finance,1
2016-01-28 17:03:54,50,1,1,Africa,40926.93,118.27,52.13,Push Notif,Finance,1
2016-02-18 22:42:33,40,1,0,Africa,22205.74,135.48,71.83,Lower Banner,Finance,1
2016-06-24 21:09:58,24,1,1,Asia,58920.44,196.77,78.36,Pop Up,Games,0
2016-06-20 04:24:41,35,1,0,North America,63006.14,127.82,50.18,Upper Banner,Finance,1
2016-02-14 16:33:29,51,1,1,Africa,24316.61,138.35,64.67,Push Notif,Finance,1
2016-02-27 13:51:44,26,0,1,Asia,68348.99,203.84,69.5,Upper Banner,Food,0
2016-05-07 15:16:07,30,1,1,South America,66263.37,240.09,65.22,Lower Banner,Food,0
2016-03-16 20:10:53,40,1,1,Europe,63493.6,116.27,62.06,Lower Banner,Finance,1
2016-06-26 02:06:59,30,1,1,North America,56984.09,160.33,84.29,Upper Banner,Games,1
2016-07-17 14:26:04,37,0,1,Africa,51691.55,181.02,32.91,Pop Up,Finance,1
2016-01-28 16:42:36,31,1,1,Oceania,49911.25,148.19,39.5,Upper Banner,Food,1
2016-06-16 18:04:51,31,1,1,Asia,33502.57,245.76,75.19,Lower Banner,Fashion,0
2016-06-19 23:21:38,31,1,1,South America,65834.97,228.94,76.21,Upper Banner,Fashion,0
2016-05-24 17:42:58,31,0,1,Africa,66176.97,242.59,67.76,Push Notif,Food,0
2016-03-01 22:06:37,53,0,1,South America,51463.17,161.77,40.01,Push Notif,Finance,1
2016-01-31 08:50:38,41,1,0,Africa,41059.64,109.34,52.7,Pop Up,Finance,1
2016-04-30 15:27:22,38,0,0,Africa,61428.18,259.76,68.41,Upper Banner,Fashion,0
2016-01-13 20:38:35,39,0,0,Oceania,51593.46,151.18,35.55,Upper Banner,Fashion,1
2016-03-30 16:15:59,24,0,1,North America,57518.73,219.75,74.54,Upper Banner,Food,0
2016-04-29 18:53:43,24,1,0,Africa,52656.13,190.08,81.75,Upper Banner,Food,0
2016-06-14 19:48:34,31,1,0,Oceania,52178.98,210.27,87.85,Pop Up,Games,0
2016-07-15 15:43:36,60,1,0,Asia,46239.14,151.54,60.23,Lower Banner,Finance,1
2016-03-24 05:38:01,35,1,0,Europe,48918.55,149.25,87.97,Pop Up,Finance,0
2016-04-26 20:57:48,27,1,1,Africa,65227.79,192.27,78.17,Lower Banner,Games,0
2016-01-12 03:28:31,23,1,1,Europe,55002.05,146.8,67.91,Lower Banner,Games,1
2016-04-09 23:26:42,27,1,1,Africa,52261.73,191.78,85.77,Lower Banner,Games,0
2016-03-28 09:15:58,49,1,0,South America,59448.44,150.83,41.16,Upper Banner,Finance,1
2016-06-23 11:05:01,39,0,0,Oceania,47314.45,108.03,53.54,Pop Up,Fashion,1
2016-01-24 01:53:14,26,1,1,Oceania,55411.06,236.15,73.94,Lower Banner,Games,0
2016-04-15 10:18:55,29,1,0,South America,66504.16,236.75,63.43,Push Notif,Finance,0
2016-04-26 13:13:20,36,1,1,Europe,47169.14,241.8,84.59,Lower Banner,Food,0
2016-05-16 23:21:06,31,0,0,Europe,70889.68,224.98,70.13,Pop Up,Fashion,0
2016-01-18 02:51:13,37,0,1,Europe,55358.88,136.99,40.19,Upper Banner,Food,1
2016-06-20 08:34:46,55,1,0,Europe,56242.7,131.29,58.95,Push Notif,Finance,1
2016-07-18 04:53:22,51,0,0,South America,45522.44,195.07,35.76,Lower Banner,Finance,1
2016-07-01 01:12:04,49,0,1,Europe,46931.03,110.84,59.36,Upper Banner,Finance,1
2016-03-07 22:51:00,40,1,0,South America,55499.69,198.13,91.1,Pop Up,Finance,0
2016-05-02 15:31:28,41,0,0,Africa,75805.12,149.21,61.04,Pop Up,Finance,1
2016-07-23 06:18:51,23,0,1,Oceania,40345.49,225.99,74.06,Push Notif,Fashion,0
2016-06-12 03:11:04,45,1,0,Europe,15598.29,158.8,64.63,Push Notif,Finance,1
2016-02-15 20:41:05,28,0,1,Asia,33239.2,219.72,81.29,Lower Banner,Travel,0
2016-01-23 01:42:28,36,0,0,Europe,68033.54,235.56,76.07,Upper Banner,Fashion,0
2016-02-26 01:18:44,22,0,0,Asia,38427.66,182.65,75.92,Upper Banner,Fashion,0
2016-01-11 02:07:14,46,0,1,South America,53185.34,253.48,78.35,Pop Up,Finance,0
2016-04-04 13:56:14,28,1,1,Africa,39723.97,137.97,46.14,Pop Up,Food,1
2016-01-14 09:27:59,41,0,1,South America,43386.07,120.63,44.33,Lower Banner,Finance,1
2016-04-25 03:18:45,28,1,1,Africa,53922.43,137.2,46.43,Lower Banner,Games,1
2016-03-05 23:02:11,27,0,1,Africa,71881.84,199.76,66.04,Pop Up,Finance,0
2016-01-06 21:43:22,29,0,0,Africa,47139.21,225.87,84.31,Pop Up,Fashion,0
2016-02-18 03:58:36,38,0,0,Africa,68877.02,175.14,83.66,Upper Banner,Fashion,0
2016-04-16 14:15:55,33,1,1,North America,65186.58,222.35,81.25,Upper Banner,Food,0
2016-02-24 06:18:11,32,1,1,North America,55424.24,224.07,85.26,Upper Banner,Fashion,0
2016-06-29 01:19:21,46,0,0,Europe,46500.11,233.36,86.53,Lower Banner,Finance,0
2016-01-05 06:34:20,26,1,0,Africa,58820.16,224.2,76.44,Upper Banner,Fashion,0
2016-07-16 10:14:04,43,0,1,Africa,28495.21,122.31,52.84,Push Notif,Finance,1
2016-06-17 03:23:13,31,1,1,Africa,61840.26,182.84,85.24,Push Notif,Finance,0
2016-06-13 11:06:40,46,1,0,Europe,37908.29,258.06,74.71,Upper Banner,Finance,0
2016-04-05 08:18:45,39,0,0,Asia,69805.7,201.29,82.95,Upper Banner,Fashion,0
2016-04-17 18:38:14,26,1,0,North America,60315.19,223.16,76.42,Pop Up,Finance,0
2016-02-03 16:54:33,49,0,0,Asia,67323.0,182.11,42.04,Pop Up,Finance,1
2016-04-18 21:07:28,26,1,1,Europe,50055.33,228.78,46.28,Lower Banner,Games,1
2016-06-18 22:31:22,50,1,0,Europe,43573.66,122.45,48.26,Push Notif,Finance,1
2016-03-12 07:18:36,55,0,0,Asia,28186.65,150.77,71.03,Push Notif,Finance,1
2016-01-15 01:20:05,33,0,0,Asia,66412.04,215.04,81.37,Lower Banner,Fashion,0
2016-02-12 10:39:10,32,1,1,Asia,15879.1,195.54,58.05,Upper Banner,Finance,1
2016-02-16 02:29:03,29,1,0,Africa,63965.16,230.36,75.0,Upper Banner,Finance,0
2016-04-04 21:23:13,31,0,1,Europe,58342.63,235.97,79.61,Lower Banner,Finance,0
2016-04-24 01:48:21,31,1,1,Asia,33147.19,250.36,52.56,Push Notif,Finance,1
2016-05-20 00:00:48,33,0,1,Europe,65899.68,126.44,62.18,Push Notif,Finance,1
2016-05-15 03:10:50,26,0,1,Asia,64188.5,201.54,77.89,Upper Banner,Food,0
2016-01-07 23:02:43,61,1,1,North America,58966.22,184.23,66.08,Pop Up,Finance,1
2016-07-19 12:05:58,33,0,1,Africa,44078.24,210.53,89.21,Lower Banner,Finance,0
2016-04-04 00:02:20,55,1,0,Africa,60968.62,151.94,49.96,Lower Banner,Finance,1
2016-06-10 04:21:57,28,0,0,Africa,65620.25,210.39,77.44,Upper Banner,Fashion,0
2016-03-11 14:50:56,38,1,0,North America,65496.78,225.23,82.58,Lower Banner,Travel,0
2016-01-14 20:58:10,29,1,0,North America,52462.04,161.79,39.36,Push Notif,Food,1
2016-06-22 05:22:58,38,1,1,Oceania,70582.55,149.8,47.23,Upper Banner,Fashion,1
2016-03-19 08:00:58,34,0,0,Asia,51816.27,153.01,87.85,Push Notif,Fashion,0
2016-04-15 15:07:17,46,0,0,Europe,23410.75,130.86,65.57,Pop Up,Finance,1
2016-03-28 02:29:19,26,1,0,South America,62729.4,200.71,78.01,Lower Banner,Fashion,0
2016-01-22 15:03:25,28,1,0,North America,48867.67,141.96,44.15,Lower Banner,Food,1
2016-06-25 17:33:35,36,1,0,Oceania,50971.73,125.2,43.57,Push Notif,Fashion,1
2016-03-04 14:33:38,28,0,0,South America,67990.84,192.81,76.83,Upper Banner,Food,0
2016-06-29 02:48:44,34,0,0,North America,43241.19,131.55,42.06,Upper Banner,Fashion,1
2016-06-18 01:42:37,27,1,1,Asia,60082.66,226.69,76.27,Lower Banner,Games,0
2016-01-31 09:57:34,37,1,1,Africa,65180.97,247.05,74.27,Push Notif,Finance,0
2016-05-22 15:17:25,28,1,1,Europe,67301.39,216.24,73.27,Pop Up,Food,0
2016-07-22 11:05:10,36,0,1,North America,70701.31,230.52,74.58,Push Notif,Finance,0
2016-07-13 14:05:22,28,1,0,Antarctica,60997.84,225.34,77.5,Upper Banner,Food,0
2016-02-11 11:50:26,33,0,0,Asia,60805.93,197.15,87.16,Lower Banner,Fashion,0
2016-03-16 20:33:10,37,1,1,Africa,50711.68,231.95,87.16,Lower Banner,Finance,0
2016-04-25 19:31:39,47,1,1,Asia,14548.06,179.04,66.26,Lower Banner,Finance,1
2016-07-14 22:43:29,29,0,1,Asia,41335.84,117.3,65.15,Pop Up,Food,1
2016-05-30 08:02:35,33,1,0,Oceania,76480.16,198.86,68.25,Pop Up,Finance,0
2016-02-14 11:36:08,38,0,0,Oceania,67132.46,244.23,73.49,Upper Banner,Fashion,0
2016-01-23 21:15:57,54,0,1,North America,52581.16,173.05,39.19,Push Notif,Finance,1
2016-07-18 02:51:19,25,0,0,North America,55195.61,214.49,80.15,Push Notif,Fashion,0
2016-02-10 08:21:13,28,0,1,Africa,48679.54,189.91,86.76,Push Notif,Games,0
2016-01-04 06:37:15,29,0,0,Africa,63109.74,233.61,73.88,Pop Up,Fashion,0
2016-06-05 21:38:22,19,1,0,Asia,44490.09,197.93,58.6,Lower Banner,Finance,0
2016-06-01 03:17:50,54,0,0,Europe,57667.99,132.27,69.77,Upper Banner,Finance,1
2016-03-06 06:51:23,30,1,1,Asia,51824.01,204.27,87.27,Upper Banner,Games,1
2016-02-26 19:35:54,28,0,0,Europe,66198.66,208.01,77.65,Pop Up,Fashion,0
2016-07-13 14:30:14,40,0,0,Europe,73174.19,219.55,76.02,Pop Up,Finance,0
2016-06-29 07:20:46,26,1,0,Europe,56593.8,217.66,78.84,Lower Banner,Finance,0
2016-03-15 06:54:21,23,0,0,Asia,31072.44,169.4,71.33,Lower Banner,Fashion,1
2016-06-11 06:47:55,41,0,1,Africa,66773.83,225.47,81.9,Pop Up,Travel,0
2016-07-17 13:22:43,48,1,1,Asia,72553.94,176.78,46.89,Upper Banner,Travel,1
2016-02-14 14:38:01,57,0,1,Africa,43708.88,152.94,77.8,Lower Banner,Finance,1
2016-05-04 05:01:37,43,0,0,Asia,48453.55,119.27,45.44,Lower Banner,Finance,1
2016-05-20 12:17:28,31,1,1,Europe,73413.87,214.06,69.96,Upper Banner,Food,0
2016-01-26 02:47:17,35,1,1,Europe,58114.3,158.29,87.35,Lower Banner,Fashion,0
2016-07-07 18:07:19,53,1,1,Africa,45465.25,128.0,49.42,Upper Banner,Finance,1
2016-01-11 12:46:31,21,1,1,Africa,50147.72,216.03,71.27,Push Notif,Games,0
2016-05-12 12:11:12,38,0,1,Europe,61004.51,123.08,49.19,Lower Banner,Fashion,1
2016-02-28 23:21:22,35,1,1,Oceania,53898.89,138.52,39.96,Lower Banner,Finance,1
2016-05-03 16:02:50,29,0,0,Europe,59797.64,192.5,85.01,Push Notif,Food,0
2016-03-15 20:19:20,51,1,0,North America,74623.27,185.85,68.95,Upper Banner,Finance,0
2016-07-23 05:21:39,45,0,1,Europe,58677.69,113.69,67.59,Lower Banner,Travel,1
2016-03-11 10:01:23,34,0,1,Europe,62109.8,246.06,75.71,Push Notif,Fashion,0
2016-02-11 20:45:46,36,1,1,Asia,60583.02,137.63,43.07,Upper Banner,Fashion,1
2016-07-06 23:09:07,43,1,0,Africa,65576.05,163.48,39.47,Lower Banner,Finance,1
2016-03-22 19:14:47,40,0,0,Oceania,73882.91,214.33,48.22,Pop Up,Finance,0
2016-05-26 13:28:36,25,1,0,Oceania,50468.36,230.77,76.76,Push Notif,Food,0
2016-06-18 19:10:14,27,0,0,Europe,51409.45,234.75,78.74,Upper Banner,Fashion,0
2016-03-20 07:12:52,24,1,1,Oceania,60514.05,225.05,67.47,Pop Up,Games,0
2016-06-03 07:00:36,30,1,0,North America,57195.96,231.91,81.17,Upper Banner,Fashion,0
2016-02-03 15:15:42,34,1,0,Europe,52802.58,171.23,89.66,Pop Up,Food,0
2016-05-03 16:55:02,28,1,1,Europe,56570.06,227.37,79.6,Pop Up,Food,0
2016-06-20 02:25:12,19,1,1,Asia,51049.47,190.17,65.53,Push Notif,Games,0
2016-07-10 19:15:52,35,1,1,Antarctica,66629.61,250.2,61.87,Push Notif,Finance,0
2016-01-04 04:00:35,41,0,0,Europe,70185.06,194.95,83.16,Pop Up,Finance,0
2016-04-20 16:49:15,41,1,1,North America,43111.41,121.24,44.11,Push Notif,Finance,1
2016-01-23 13:14:18,26,0,1,Africa,56435.6,131.98,56.57,Upper Banner,Food,1
2016-01-04 22:27:25,29,0,0,Africa,53223.58,222.87,83.91,Lower Banner,Fashion,0
2016-04-08 22:40:55,28,1,1,North America,57179.91,229.88,79.8,Upper Banner,Games,0
2016-01-05 11:53:17,52,0,1,Europe,41521.28,122.59,71.23,Pop Up,Finance,1
2016-03-17 22:24:02,43,1,1,Europe,73538.09,210.87,47.23,Upper Banner,Finance,1
2016-06-29 04:23:10,30,0,1,Oceania,63664.32,207.44,82.37,Pop Up,Finance,0
2016-05-25 19:45:16,38,1,1,Asia,61757.12,135.25,43.63,Upper Banner,Finance,1
2016-06-17 23:19:38,28,0,0,Asia,71727.51,190.95,70.9,Upper Banner,Fashion,0
2016-04-24 07:20:16,29,1,0,North America,72203.96,193.29,71.9,Push Notif,Food,0
2016-03-18 13:00:12,37,1,1,Europe,50671.6,105.86,62.12,Pop Up,Fashion,1
2016-04-28 21:58:25,29,0,1,Africa,47510.42,118.69,67.35,Pop Up,Travel,1
2016-02-12 08:46:15,50,0,1,North America,62466.1,124.58,57.99,Lower Banner,Finance,1
2016-07-11 13:23:37,29,0,1,Europe,59683.16,248.51,66.8,Upper Banner,Food,1
2016-01-29 00:45:19,32,0,1,Oceania,41097.17,120.49,49.13,Upper Banner,Food,1
2016-01-05 16:26:44,58,0,0,Europe,39799.73,195.69,45.11,Lower Banner,Finance,1
2016-06-20 08:22:09,42,0,1,Europe,76984.21,164.02,54.35,Pop Up,Finance,0
2016-02-06 17:48:28,59,1,0,North America,57877.15,151.93,61.82,Upper Banner,Finance,1
2016-06-22 17:19:09,31,1,1,South America,59047.91,240.64,77.75,Lower Banner,Food,0
2016-04-16 05:24:33,28,0,1,Europe,72154.68,190.12,70.61,Lower Banner,Finance,0
2016-01-17 05:07:11,31,0,1,Europe,65704.79,179.82,82.72,Lower Banner,Finance,0
2016-07-08 22:30:10,36,0,0,Antarctica,72948.76,212.59,76.87,Upper Banner,Fashion,0
2016-03-11 00:05:48,34,1,1,North America,73941.91,227.53,65.07,Pop Up,Food,0
2016-06-10 00:35:15,37,0,0,Africa,57887.64,111.8,56.93,Pop Up,Fashion,1
2016-01-04 00:44:57,35,1,1,North America,62463.7,128.37,48.86,Lower Banner,Finance,1
2016-01-01 15:14:24,29,0,1,Africa,42838.29,195.89,36.56,Lower Banner,Food,1
2016-07-10 17:24:51,32,1,0,Asia,43778.88,147.75,85.73,Pop Up,Food,1
2016-03-27 19:50:11,40,0,0,North America,71157.05,229.19,75.81,Lower Banner,Travel,0
2016-04-29 13:38:19,31,0,1,South America,74159.69,190.84,72.94,Lower Banner,Food,0
2016-01-08 18:13:43,54,1,1,Africa,50333.72,126.29,53.63,Pop Up,Finance,1
2016-06-05 07:54:30,25,1,1,Africa,33293.78,147.61,52.35,Upper Banner,Games,1
2016-06-29 10:50:45,51,1,0,Europe,38641.2,121.57,52.84,Lower Banner,Finance,1
2016-04-24 13:46:10,33,0,0,Asia,49822.78,115.91,51.58,Upper Banner,Food,1
2016-02-14 04:14:13,29,1,1,Antarctica,63891.29,187.09,42.32,Lower Banner,Games,1
2016-06-15 05:43:02,42,1,0,Europe,43881.73,106.96,55.04,Lower Banner,Finance,1
2016-07-06 12:04:29,41,1,1,North America,13996.5,171.54,68.58,Lower Banner,Finance,1
2016-03-31 13:54:51,27,1,1,Oceania,48761.14,175.43,85.54,Push Notif,Food,0
2016-06-21 00:52:47,30,0,1,Europe,69758.31,224.82,71.14,Upper Banner,Travel,0
2016-05-27 05:23:26,19,1,0,Africa,52530.1,180.47,64.38,Upper Banner,Finance,0
2016-01-17 18:45:55,40,0,0,Europe,58363.12,213.96,88.85,Lower Banner,Travel,0
2016-04-07 20:34:42,60,1,0,Africa,60575.99,198.3,66.79,Pop Up,Finance,1
2016-05-02 18:37:01,45,0,0,Africa,48206.04,185.47,32.6,Lower Banner,Finance,1
2016-06-04 17:24:07,54,1,1,Africa,31523.09,166.85,43.88,Push Notif,Finance,1
2016-04-07 18:52:57,26,0,0,Europe,66187.58,151.63,56.46,Lower Banner,Fashion,1
2016-06-10 22:21:10,30,0,1,South America,69438.04,225.02,72.18,Push Notif,Travel,0
2016-05-19 06:37:38,44,0,0,Europe,14775.5,191.26,52.67,Lower Banner,Finance,1
2016-03-28 23:01:24,35,0,0,North America,68016.9,219.91,80.55,Upper Banner,Fashion,0
2016-01-21 22:51:34,41,1,0,Africa,78520.99,202.7,67.85,Lower Banner,Finance,1
2016-03-12 06:05:12,36,1,1,Europe,31998.72,123.71,75.55,Upper Banner,Finance,1
2016-06-04 09:13:29,29,0,0,Asia,56909.3,230.78,80.46,Pop Up,Fashion,0
2016-05-24 10:16:38,29,1,0,Europe,61161.29,167.41,82.69,Pop Up,Food,0
2016-03-25 06:36:53,39,1,1,North America,52340.1,154.0,35.21,Lower Banner,Finance,1
2016-04-22 00:28:18,40,1,1,Oceania,47338.94,144.53,36.37,Lower Banner,Finance,1
2016-03-22 04:13:35,22,1,1,Africa,50950.24,165.43,74.07,Pop Up,Games,0
2016-01-14 08:27:04,33,0,1,Oceania,77143.61,197.66,59.96,Push Notif,Food,1
2016-04-14 21:37:49,29,0,1,Asia,57032.36,195.68,85.62,Pop Up,Travel,0
2016-05-31 17:50:15,33,1,1,North America,48554.45,136.18,40.88,Pop Up,Food,1
2016-03-17 06:25:47,31,1,0,Oceania,39552.49,167.87,36.98,Push Notif,Finance,1
2016-04-13 07:07:36,47,0,1,Europe,36884.23,170.04,35.49,Pop Up,Finance,1
2016-02-03 22:11:13,26,1,0,North America,68783.45,204.47,56.56,Pop Up,Food,0
2016-02-02 19:59:17,32,1,1,Europe,51119.93,162.44,36.62,Push Notif,Food,1
2016-04-07 20:38:02,49,0,0,Africa,44304.13,119.86,49.35,Push Notif,Finance,1
2016-03-15 19:35:19,29,1,0,Asia,69718.19,204.82,75.64,Upper Banner,Finance,0
2016-03-11 12:39:19,27,1,0,Europe,63429.18,198.79,79.22,Lower Banner,Food,0
2016-05-17 18:06:46,34,0,1,Africa,65756.36,236.08,77.05,Upper Banner,Food,0
2016-02-28 23:10:32,46,1,1,Europe,77871.75,196.17,66.83,Push Notif,Travel,0
2016-03-02 06:35:08,24,1,1,Asia,47258.59,228.81,76.2,Pop Up,Games,0
2016-02-27 08:52:50,29,1,1,Africa,55984.89,123.24,56.64,Push Notif,Games,1
2016-03-14 04:34:35,34,1,0,Europe,44275.13,111.63,53.33,Pop Up,Fashion,1
2016-03-10 15:07:44,50,0,1,Europe,25767.16,142.23,50.63,Upper Banner,Finance,1
2016-05-01 08:27:12,49,0,1,Europe,37605.11,139.32,41.84,Upper Banner,Finance,1
2016-06-12 11:17:25,41,1,1,Asia,25739.09,125.46,53.92,Upper Banner,Finance,1
2016-05-28 12:20:15,28,1,0,Asia,60188.38,180.88,83.89,Pop Up,Finance,0
2016-03-18 09:08:39,43,0,1,Europe,67682.32,127.65,55.32,Lower Banner,Finance,1
2016-05-26 06:03:57,44,0,1,North America,44307.18,108.85,53.22,Lower Banner,Finance,1
2016-07-06 03:40:17,35,1,1,Oceania,25371.52,156.11,43.16,Lower Banner,Finance,1
2016-04-29 14:10:00,43,0,1,Africa,23942.61,127.2,67.51,Push Notif,Finance,1
2016-03-05 20:53:19,29,1,1,North America,50666.5,143.04,43.16,Push Notif,Games,1
2016-05-30 08:35:54,30,1,1,North America,50356.06,241.38,79.89,Pop Up,Games,0
2016-04-10 06:32:11,32,1,1,Africa,63936.5,170.9,84.25,Push Notif,Finance,0
2016-01-20 02:31:36,28,0,0,North America,69874.18,203.87,74.18,Pop Up,Fashion,0
2016-07-20 21:53:42,34,0,0,Africa,50038.65,232.78,85.78,Upper Banner,Fashion,0
2016-01-17 04:12:30,39,1,1,Oceania,67866.95,225.0,80.96,Pop Up,Finance,0
2016-02-24 07:13:00,48,0,0,Africa,54645.2,159.69,36.91,Push Notif,Finance,1
2016-03-26 19:37:46,23,0,1,Africa,46780.09,141.52,54.47,Upper Banner,Finance,1
2016-06-04 09:25:27,34,0,0,North America,67432.49,212.88,81.98,Upper Banner,Fashion,0
2016-04-22 07:48:33,39,0,1,Africa,73392.28,194.23,79.6,Pop Up,Finance,0
2016-03-31 08:53:43,38,0,1,Europe,47682.28,105.71,57.51,Lower Banner,Finance,1
2016-04-16 08:36:08,31,0,1,Africa,56735.83,232.21,82.3,Push Notif,Fashion,0
2016-05-12 20:57:10,30,1,1,Europe,51013.37,252.6,73.21,Push Notif,Games,1
2016-05-07 21:32:51,32,1,0,Europe,69481.85,209.72,79.09,Lower Banner,Fashion,0
2016-06-25 00:33:23,28,0,1,Europe,67033.34,226.64,68.47,Push Notif,Fashion,0
2016-03-23 05:27:35,36,0,0,Oceania,68717.0,192.57,83.69,Lower Banner,Fashion,0
2016-03-04 13:47:47,31,1,0,Asia,59340.99,222.72,83.48,Lower Banner,Food,0
2016-06-14 12:08:10,45,0,1,Asia,47968.32,124.67,43.49,Upper Banner,Finance,1
2016-05-11 19:13:42,35,0,0,Europe,48758.92,108.27,66.69,Upper Banner,Fashion,1
2016-01-21 23:33:22,49,1,1,Asia,61230.03,132.38,48.46,Pop Up,Finance,1
2016-01-15 19:45:33,30,1,0,Asia,54755.71,144.77,42.51,Upper Banner,Games,1
2016-04-23 09:42:08,34,1,1,Europe,54324.73,132.38,42.83,Lower Banner,Games,1
2016-05-23 08:06:24,42,1,0,Europe,52177.4,128.98,41.46,Pop Up,Finance,1
2016-02-27 15:04:52,33,1,0,Asia,51163.14,124.61,45.99,Push Notif,Food,1
2016-02-23 17:37:46,27,0,1,Europe,66861.67,225.97,68.72,Lower Banner,Food,0
2016-03-17 22:59:46,34,1,0,Oceania,63107.88,254.94,63.11,Pop Up,Finance,0
2016-02-28 03:34:35,46,0,0,North America,49206.4,115.6,49.21,Upper Banner,Finance,1
2016-03-15 14:33:12,49,1,1,South America,55942.04,117.33,55.77,Lower Banner,Finance,1
2016-03-03 20:20:32,40,1,1,North America,33601.84,128.48,44.13,Pop Up,Finance,1
2016-04-06 14:16:52,46,1,1,Europe,48867.36,107.56,57.82,Push Notif,Finance,1
2016-05-01 09:23:25,40,0,1,Africa,56683.32,113.53,72.46,Lower Banner,Finance,1
2016-05-30 08:02:27,45,0,0,Asia,38260.89,108.18,61.88,Lower Banner,Finance,1
2016-04-04 11:39:51,23,0,1,Europe,54106.21,199.29,78.24,Pop Up,Finance,0
2016-04-06 23:10:40,38,1,1,Africa,71055.22,231.28,74.61,Pop Up,Travel,0
2016-04-26 21:45:50,37,1,1,Asia,46403.18,224.01,89.18,Upper Banner,Food,0
2016-05-25 00:34:59,42,1,1,Europe,61690.93,133.42,44.16,Upper Banner,Finance,1
2016-02-11 16:45:41,37,1,0,Asia,26130.93,124.34,55.74,Lower Banner,Food,1
2016-01-30 00:05:37,36,0,0,Europe,58638.75,169.1,88.82,Push Notif,Fashion,0
2016-07-12 10:56:21,32,1,0,North America,47357.39,261.52,70.39,Upper Banner,Fashion,0
2016-04-23 03:46:34,52,1,1,Africa,50086.17,118.45,59.05,Push Notif,Finance,1
2016-04-16 10:36:49,33,1,0,Oceania,51772.58,250.11,78.58,Pop Up,Games,0
2016-03-11 13:07:30,35,1,0,North America,47638.3,158.03,35.11,Pop Up,Food,1
2016-03-02 15:39:02,45,1,1,Europe,38987.42,108.25,60.39,Upper Banner,Finance,1
2016-07-13 21:31:14,26,1,0,Africa,51363.16,213.7,81.56,Lower Banner,Finance,0
2016-05-29 18:12:00,34,0,0,South America,35764.49,255.57,75.03,Pop Up,Fashion,1
2016-05-10 17:13:47,24,0,1,Africa,62939.5,190.41,50.87,Push Notif,Food,1
2016-05-07 08:39:47,30,1,0,Africa,58776.67,223.2,82.8,Lower Banner,Finance,0
2016-01-17 13:27:13,25,1,1,Europe,59106.12,205.71,78.51,Upper Banner,Food,0
2016-03-09 06:22:03,51,1,0,Asia,50457.01,161.29,37.65,Pop Up,Finance,1
2016-04-05 18:02:49,43,1,0,Asia,54251.78,244.4,83.17,Upper Banner,Finance,0
2016-04-01 07:37:18,45,1,1,Asia,51920.49,182.65,91.37,Lower Banner,Finance,1
2016-02-15 16:18:49,29,0,0,North America,70324.8,220.08,68.25,Lower Banner,Food,0
2016-03-08 05:12:57,25,0,1,Europe,52416.18,165.65,81.32,Lower Banner,Fashion,0
2016-02-09 23:38:30,39,1,1,Europe,66217.31,241.5,76.64,Push Notif,Finance,0
2016-06-17 09:38:22,50,1,1,North America,60938.73,246.29,74.06,Lower Banner,Finance,0
2016-06-01 12:27:17,33,1,1,Africa,40243.82,142.21,39.53,Lower Banner,Fashion,1
2016-02-26 23:44:44,32,1,0,North America,60151.77,195.93,86.58,Pop Up,Fashion,0
2016-03-11 09:58:32,40,0,0,Africa,45945.88,216.5,90.75,Push Notif,Finance,0
2016-04-28 02:55:10,25,1,1,Europe,63430.33,225.76,67.71,Push Notif,Games,0
2016-04-12 04:22:42,36,0,0,North America,65882.81,222.08,82.41,Upper Banner,Fashion,0
2016-02-10 20:43:38,27,1,0,Africa,64410.8,171.24,45.82,Lower Banner,Fashion,1
2016-05-01 23:21:53,27,0,0,North America,55677.12,235.94,76.79,Pop Up,Fashion,0
2016-03-24 17:48:31,33,0,0,Europe,75560.65,203.44,70.05,Upper Banner,Food,0
2016-04-22 19:45:19,32,1,1,Europe,61067.58,250.32,72.19,Lower Banner,Fashion,0
2016-03-09 12:10:08,34,0,0,Asia,72330.57,167.26,77.35,Push Notif,Fashion,0
2016-03-30 05:29:38,29,0,1,Oceania,32549.95,173.75,40.34,Lower Banner,Travel,1
2016-01-24 13:41:38,44,0,0,Europe,51257.26,107.19,67.39,Lower Banner,Finance,1
2016-07-15 09:42:19,34,1,0,Africa,77220.42,187.03,68.68,Pop Up,Finance,0
2016-06-07 05:41:16,43,0,1,North America,52520.75,249.45,81.75,Pop Up,Finance,0
2016-05-31 23:32:00,22,0,1,Oceania,59422.47,217.37,66.03,Pop Up,Food,0
2016-05-14 14:49:05,33,1,1,North America,22456.04,154.93,47.74,Upper Banner,Food,1
2016-01-10 20:18:21,31,0,1,Africa,58443.99,236.96,79.18,Pop Up,Finance,0
2016-02-21 16:57:59,29,1,0,Asia,50820.74,199.62,86.81,Upper Banner,Food,0
2016-05-23 00:32:54,42,0,1,Africa,67575.12,158.81,41.53,Lower Banner,Finance,1
2016-07-21 20:30:06,39,1,1,Africa,66522.79,249.81,70.92,Upper Banner,Finance,0
2016-05-15 18:44:50,45,0,0,Asia,34903.67,123.22,46.84,Upper Banner,Finance,1
2016-06-30 00:43:40,53,1,0,Europe,43073.78,140.95,44.4,Pop Up,Finance,1
2016-02-24 06:17:18,44,1,1,Africa,57594.7,115.37,52.17,Pop Up,Finance,1
2016-05-30 21:22:22,31,1,1,Africa,66027.31,205.84,81.45,Push Notif,Finance,0
2016-06-02 04:14:37,36,1,1,Africa,53012.94,111.02,54.08,Upper Banner,Food,1
2016-04-18 07:00:38,31,0,1,Asia,61117.5,238.43,76.65,Lower Banner,Fashion,0
2016-02-29 18:06:21,20,1,1,North America,52563.22,171.9,54.39,Push Notif,Games,1
2016-05-27 12:45:37,40,0,1,Europe,65773.49,190.95,37.74,Push Notif,Finance,1
2016-01-12 21:17:15,25,0,1,Oceania,50506.44,241.36,69.86,Push Notif,Fashion,0
2016-01-27 17:08:19,36,1,0,North America,66262.59,194.56,85.37,Pop Up,Finance,0
2016-06-10 03:56:41,26,1,1,Europe,35521.88,207.53,80.99,Pop Up,Games,0
2016-04-09 09:26:39,32,1,1,Asia,62430.55,235.29,78.84,Pop Up,Finance,0
2016-02-26 06:00:16,41,0,0,North America,49597.08,115.79,77.36,Lower Banner,Finance,1
2016-02-21 23:07:11,37,0,0,Asia,42078.89,108.1,55.46,Upper Banner,Fashion,1
2016-04-29 14:08:26,45,0,1,South America,46197.59,151.72,35.66,Push Notif,Finance,1
2016-02-11 17:02:07,51,0,1,Africa,49957.0,122.04,50.78,Pop Up,Finance,1
2016-07-22 07:44:43,38,0,1,Africa,24078.93,203.9,40.47,Upper Banner,Fashion,1
2016-06-26 02:34:15,43,0,1,Asia,53647.81,121.28,45.62,Push Notif,Finance,1
2016-05-14 23:08:14,30,0,0,South America,61039.13,178.69,84.76,Upper Banner,Fashion,0
2016-05-24 10:04:39,26,0,1,Europe,46974.15,221.59,80.64,Push Notif,Fashion,0
2016-02-16 12:05:45,27,1,1,Europe,53042.51,236.96,75.94,Upper Banner,Games,0
2016-03-20 02:44:13,50,0,0,Europe,48826.14,216.01,37.01,Pop Up,Finance,1
2016-01-31 05:12:44,31,0,0,Africa,58287.86,193.6,87.18,Upper Banner,Fashion,0
2016-04-01 05:17:28,50,0,1,Oceania,21773.22,146.44,56.91,Upper Banner,Finance,1
2016-02-25 16:33:24,24,0,1,Oceania,52252.91,226.49,75.24,Push Notif,Food,0
2016-03-21 11:02:49,52,1,0,Africa,27073.27,182.2,42.84,Upper Banner,Finance,1
2016-02-12 05:20:19,47,0,1,South America,50628.31,109.98,67.56,Lower Banner,Finance,1
2016-06-01 16:10:30,42,1,0,Europe,36913.51,160.49,34.96,Push Notif,Finance,1
2016-06-16 03:17:45,37,1,0,Antarctica,61009.1,211.56,87.46,Upper Banner,Fashion,0
2016-03-26 15:28:07,39,1,1,Africa,53041.77,128.62,41.86,Lower Banner,Finance,1
2016-02-16 07:37:28,34,1,0,North America,40182.84,174.88,34.04,Push Notif,Travel,1
2016-02-28 09:31:31,42,1,0,Africa,59419.78,113.75,54.96,Pop Up,Travel,1
2016-05-18 01:00:52,31,1,0,Asia,58235.21,199.4,87.14,Push Notif,Fashion,0
2016-02-21 13:11:08,32,1,1,South America,68324.48,215.29,78.79,Push Notif,Food,0
2016-01-05 12:59:07,25,1,1,Africa,69646.35,181.25,65.56,Upper Banner,Games,0
2016-05-18 00:07:43,34,0,0,Asia,54045.39,245.5,81.05,Lower Banner,Fashion,0
2016-03-06 23:26:44,37,1,1,Asia,57806.03,112.52,55.71,Push Notif,Finance,1
2016-05-19 04:23:41,49,1,0,Asia,53336.76,129.16,45.48,Push Notif,Finance,1
2016-04-29 20:40:21,56,0,0,North America,50491.45,149.53,47.0,Push Notif,Finance,1
2016-05-03 01:09:01,51,1,1,South America,71455.62,153.12,59.64,Upper Banner,Finance,1
2016-06-27 21:51:47,45,0,1,Africa,43241.88,150.79,35.98,Push Notif,Finance,1
2016-02-08 07:33:22,22,0,1,Europe,58953.01,202.34,72.55,Lower Banner,Games,0
2016-02-22 07:04:05,38,0,0,Europe,36834.04,184.98,91.15,Upper Banner,Fashion,0
2016-03-21 08:13:24,29,0,0,Asia,66345.1,187.64,80.53,Pop Up,Fashion,0
2016-05-31 00:58:37,45,0,0,North America,38645.4,130.84,82.49,Pop Up,Finance,1
2016-01-01 05:31:22,36,0,1,North America,60803.0,239.94,80.94,Upper Banner,Finance,0
2016-05-27 08:53:51,34,0,1,North America,33553.9,114.69,61.76,Lower Banner,Food,1
2016-05-09 07:13:27,38,0,0,North America,63071.34,116.19,63.3,Upper Banner,Fashion,1
2016-06-27 01:56:36,34,1,1,Europe,46737.34,149.79,36.73,Upper Banner,Food,1
2016-06-03 04:51:46,33,1,1,Africa,55368.67,248.23,78.41,Upper Banner,Finance,0
2016-02-24 00:44:44,36,0,1,Africa,68305.91,194.62,83.98,Upper Banner,Finance,0
2016-03-05 12:03:41,45,0,1,Europe,39211.49,107.92,63.18,Push Notif,Finance,1
2016-01-15 22:49:45,48,0,0,South America,65956.71,135.67,50.6,Pop Up,Finance,1
2016-02-12 03:39:09,38,0,1,Africa,40159.2,190.05,32.6,Lower Banner,Food,1
2016-02-19 20:49:27,19,1,0,Asia,40478.83,185.46,60.83,Push Notif,Fashion,0
2016-03-12 02:48:18,46,1,0,North America,40468.53,123.86,44.72,Pop Up,Finance,1
2016-07-23 04:04:42,51,0,0,Africa,66980.27,162.05,78.76,Upper Banner,Finance,1
2016-03-06 09:33:46,39,1,1,Asia,34942.26,125.11,79.51,Pop Up,Finance,1
2016-02-24 04:11:37,32,0,1,Europe,48335.2,145.73,39.3,Pop Up,Finance,1
2016-02-17 20:22:49,30,0,0,Asia,42251.59,116.07,64.79,Push Notif,Fashion,1
2016-02-02 04:57:50,36,0,1,Africa,57330.43,198.24,89.8,Push Notif,Food,0
2016-01-27 16:06:05,34,1,0,Europe,75769.82,191.82,72.82,Lower Banner,Food,0
2016-05-24 09:50:41,31,1,1,Europe,51812.71,154.77,38.65,Upper Banner,Fashion,1
2016-02-08 22:45:26,30,1,0,Asia,75265.96,178.75,59.01,Upper Banner,Finance,1
2016-02-12 01:55:38,50,0,1,North America,69868.48,193.15,78.96,Upper Banner,Finance,1
2016-01-11 08:18:12,43,0,1,North America,72802.42,138.46,63.99,Pop Up,Finance,1
2016-03-03 03:51:27,27,1,1,South America,39193.45,162.46,41.35,Pop Up,Games,1
2016-05-30 20:08:51,36,1,1,Europe,18368.57,231.87,62.79,Upper Banner,Finance,1
2016-04-22 22:01:21,29,0,1,Asia,56129.89,141.58,45.53,Lower Banner,Food,1
2016-05-25 10:39:28,31,0,0,Europe,58996.56,249.99,51.65,Pop Up,Fashion,0
2016-02-04 03:10:17,44,0,0,North America,41547.62,109.04,54.55,Lower Banner,Finance,1
2016-02-21 20:09:12,36,0,1,Europe,59240.24,172.57,35.66,Pop Up,Finance,1
2016-04-28 01:24:34,28,0,0,Europe,56725.47,247.01,69.95,Push Notif,Fashion,0
2016-05-18 19:33:51,29,1,1,Africa,55764.43,234.23,79.83,Push Notif,Games,0
2016-02-17 11:15:31,37,1,0,South America,64235.51,161.42,85.35,Upper Banner,Finance,0
2016-06-19 23:04:45,28,0,0,Africa,39939.39,124.32,56.78,Push Notif,Fashion,1
2016-02-20 09:54:06,26,0,1,Asia,63319.99,195.56,78.67,Pop Up,Finance,0
2016-01-22 12:58:14,21,0,1,Europe,54725.87,211.17,70.09,Pop Up,Food,0
2016-02-19 13:26:24,42,1,1,South America,69775.75,247.05,60.75,Push Notif,Finance,0
2016-01-03 07:13:53,24,0,0,Africa,57545.56,233.85,65.07,Push Notif,Fashion,0
2016-01-03 04:39:47,50,0,0,Asia,47051.02,194.44,35.25,Push Notif,Finance,1
2016-04-13 13:04:47,52,1,0,Europe,51600.47,176.7,37.58,Upper Banner,Finance,1
2016-01-01 03:35:35,25,1,0,Asia,68357.96,188.32,68.01,Push Notif,Games,0
2016-03-27 08:32:37,38,0,1,Africa,35349.26,125.27,45.08,Pop Up,Food,1
2016-07-10 16:25:56,27,0,1,North America,69784.85,159.05,63.04,Push Notif,Food,1
2016-06-25 04:21:33,29,0,0,Asia,50760.23,151.96,40.18,Upper Banner,Fashion,1
2016-01-27 14:41:10,48,1,0,Oceania,34418.09,132.07,45.17,Upper Banner,Finance,1
2016-05-16 18:51:59,50,0,0,Africa,20592.99,162.43,50.48,Pop Up,Finance,1
2016-02-27 20:20:25,28,0,0,South America,63528.8,203.3,80.87,Pop Up,Fashion,0
2016-02-28 23:54:44,40,1,1,Europe,44217.68,126.11,41.88,Push Notif,Finance,1
2016-06-13 06:11:33,48,1,1,North America,47929.83,139.34,39.87,Pop Up,Finance,1
2016-05-05 11:07:13,45,1,1,Africa,46024.29,105.63,61.84,Lower Banner,Finance,1
2016-07-07 12:17:33,31,1,1,Europe,51900.03,116.38,54.97,Pop Up,Fashion,1
2016-05-24 17:07:08,30,0,0,Asia,72188.9,166.31,71.4,Lower Banner,Food,0
2016-03-30 14:36:55,31,1,1,Oceania,56974.51,254.65,70.29,Lower Banner,Food,0
2016-05-27 05:54:03,57,1,0,Europe,25682.65,168.41,67.26,Pop Up,Finance,1
2016-01-03 16:30:51,46,0,1,Asia,41884.64,258.26,76.58,Lower Banner,Finance,0
2016-06-25 18:17:53,38,0,1,North America,72196.29,140.77,54.37,Pop Up,Fashion,1
2016-02-24 10:36:43,32,1,1,Asia,54429.17,234.81,82.79,Pop Up,Finance,0
2016-03-03 03:13:48,31,1,0,Europe,58037.66,256.39,66.47,Upper Banner,Finance,0
2016-04-21 19:56:24,44,0,1,Asia,64011.26,125.12,72.88,Lower Banner,Finance,1
2016-04-06 17:26:37,28,1,0,Oceania,59967.19,232.68,76.44,Lower Banner,Food,0
2016-03-23 12:53:23,43,1,1,Europe,43155.19,105.04,63.37,Push Notif,Finance,1
2016-02-17 07:00:38,48,1,1,Asia,51501.38,204.4,89.71,Pop Up,Finance,0
2016-06-26 07:01:47,31,0,0,North America,55187.85,256.4,70.96,Upper Banner,Fashion,0
2016-04-20 13:36:42,44,1,1,Oceania,33813.08,165.62,35.79,Upper Banner,Finance,1
2016-07-21 16:02:40,38,1,0,Africa,36497.22,140.67,38.96,Push Notif,Fashion,1
2016-03-06 11:36:06,40,0,1,Europe,66193.81,123.62,69.17,Lower Banner,Travel,1
2016-02-11 23:45:01,27,1,1,Oceania,66200.96,227.63,64.2,Upper Banner,Games,0
2016-04-04 03:57:48,28,0,0,Africa,63126.96,173.01,43.7,Lower Banner,Fashion,1
2016-02-11 21:49:00,30,1,1,Asia,71384.57,208.58,72.97,Upper Banner,Games,1
2016-04-22 02:07:01,45,1,1,Europe,67782.17,134.42,51.3,Upper Banner,Finance,1
2016-02-01 17:24:57,51,1,0,Asia,42415.72,120.37,51.63,Pop Up,Finance,1
2016-03-24 02:35:54,19,0,0,North America,41920.79,187.95,55.55,Lower Banner,Fashion,0
2016-06-03 21:43:21,26,0,1,South America,29875.8,178.35,45.01,Upper Banner,Food,1
